date,knri,hglg,hgcr
2016-01-04 16:56:00,106.0,980.92,923.51
2016-01-05 16:56:00,105.01,957.67,923.51
2016-01-06 16:56:00,108.35,981.99,923.51
2016-01-07 16:56:00,107.5,982.02,923.51
2016-01-08 16:56:00,106.5,972.2,923.51
2016-01-11 16:56:00,106.49,972.21,908.54
2016-01-12 16:56:00,108.51,972.21,908.54
2016-01-13 16:56:00,107.5,973.19,923.51
2016-01-14 16:56:00,106.45,972.2,918.52
2016-01-15 16:56:00,105.0,977.11,908.54
2016-01-18 16:56:00,105.95,973.19,913.53
2016-01-19 16:56:00,104.51,972.2,918.52
2016-01-20 16:56:00,103.56,952.58,918.52
2016-01-21 16:56:00,102.0,957.45,918.52
2016-01-22 16:56:00,102.01,950.6,918.52
2016-01-26 16:56:00,101.0,901.51,923.51
2016-01-27 16:56:00,101.03,874.06,923.51
2016-01-28 16:56:00,99.6,883.82,924.51
2016-01-29 16:56:00,102.0,883.82,916.53
2016-02-01 16:56:00,101.3,872.06,941.48
2016-02-02 16:56:00,99.82,869.05,940.49
2016-02-03 16:56:00,100.6,869.06,918.52
2016-02-04 16:56:00,101.25,854.36,918.52
2016-02-05 16:56:00,101.3,854.36,918.52
2016-02-10 16:56:00,103.99,854.35,918.52
2016-02-11 16:56:00,101.7,849.45,953.33
2016-02-12 16:56:00,102.01,864.19,953.33
2016-02-15 16:56:00,100.2,864.18,918.52
2016-02-16 16:56:00,101.4,873.51,918.52
2016-02-17 16:56:00,100.16,888.73,923.51
2016-02-18 16:56:00,100.29,875.96,927.01
2016-02-19 16:56:00,100.95,883.82,932.45
2016-02-22 16:56:00,100.5,869.09,919.52
2016-02-23 16:56:00,100.7,859.27,919.52
2016-02-24 16:56:00,104.95,864.18,920.52
2016-02-25 16:56:00,107.0,864.18,921.02
2016-02-26 16:56:00,108.99,864.18,920.52
2016-02-29 16:56:00,108.9,864.18,923.51
2016-03-01 16:56:00,106.01,861.09,913.53
2016-03-02 16:56:00,106.99,859.26,914.53
2016-03-03 16:56:00,106.35,869.09,923.51
2016-03-04 16:56:00,108.2,876.95,928.51
2016-03-07 16:56:00,107.6,898.55,937.49
2016-03-08 16:56:00,107.0,899.53,938.49
2016-03-09 16:56:00,108.0,903.46,943.48
2016-03-10 16:56:00,109.0,918.19,931.5
2016-03-11 16:56:00,111.04,937.83,933.5
2016-03-14 16:56:00,112.0,942.74,933.5
2016-03-15 16:56:00,111.95,952.56,938.49
2016-03-16 16:56:00,111.0,942.74,943.48
2016-03-17 16:56:00,113.98,971.22,948.47
2016-03-18 16:56:00,114.5,982.02,948.47
2016-03-21 16:56:00,114.92,981.05,958.47
2016-03-22 16:56:00,118.0,986.93,953.49
2016-03-23 16:56:00,119.0,998.72,953.49
2016-03-24 16:56:00,115.0,998.72,953.49
2016-03-28 16:56:00,116.0,998.72,985.41
2016-03-29 16:56:00,116.49,982.02,986.41
2016-03-30 16:56:00,113.99,991.83,973.43
2016-03-31 16:56:00,114.23,998.72,973.43
2016-04-01 16:56:00,112.1,991.84,986.41
2016-04-04 16:56:00,115.21,982.02,953.58
2016-04-05 16:56:00,114.51,981.04,954.58
2016-04-06 16:56:00,114.3,986.93,953.47
2016-04-07 16:56:00,112.99,972.19,953.47
2016-04-08 16:56:00,112.61,972.19,953.47
2016-04-11 16:56:00,112.01,977.11,953.47
2016-04-12 16:56:00,112.41,977.11,938.54
2016-04-13 16:56:00,113.9,984.92,968.44
2016-04-14 16:56:00,113.37,980.06,968.44
2016-04-15 16:56:00,113.19,1001.66,953.46
2016-04-18 16:56:00,115.0,1031.11,958.46
2016-04-19 16:56:00,117.28,1001.65,958.46
2016-04-20 16:56:00,117.59,1011.48,968.44
2016-04-22 16:56:00,118.98,992.01,968.44
2016-04-25 16:56:00,118.9,1001.65,977.61
2016-04-26 16:56:00,118.3,1011.48,958.46
2016-04-27 16:56:00,119.0,1021.29,958.46
2016-04-29 16:56:00,119.82,1001.66,973.43
2016-05-02 16:56:00,121.5,996.75,973.43
2016-05-03 16:56:00,120.91,1001.66,958.46
2016-05-04 16:56:00,119.99,1002.89,953.47
2016-05-05 16:56:00,119.87,1060.59,953.47
2016-05-06 16:56:00,121.8,1068.44,953.47
2016-05-09 16:56:00,119.55,1031.12,953.27
2016-05-10 16:56:00,121.58,1028.18,958.46
2016-05-11 16:56:00,123.7,1036.03,958.46
2016-05-12 16:56:00,125.75,1050.76,953.47
2016-05-13 16:56:00,129.95,1058.62,958.46
2016-05-16 16:56:00,129.79,1066.48,968.44
2016-05-17 16:56:00,130.5,1079.23,968.43
2016-05-19 16:56:00,129.33,1075.32,968.43
2016-05-20 16:56:00,129.98,1064.02,968.43
2016-05-23 16:56:00,129.0,1065.5,968.43
2016-05-24 16:56:00,130.5,1050.76,978.43
2016-05-25 16:56:00,127.0,1050.76,978.43
2016-05-27 16:56:00,126.0,1050.76,987.41
2016-05-30 16:56:00,128.0,1060.59,979.42
2016-05-31 16:56:00,127.99,1043.89,978.43
2016-06-01 16:56:00,128.99,1043.89,968.44
2016-06-02 16:56:00,128.38,1025.23,968.44
2016-06-03 16:56:00,127.99,1021.31,973.43
2016-06-06 16:56:00,130.01,1025.22,953.96
2016-06-07 16:56:00,130.0,1025.23,953.96
2016-06-08 16:56:00,129.98,1021.16,973.42
2016-06-09 16:56:00,131.4,1031.12,971.44
2016-06-10 16:56:00,133.8,1050.76,978.43
2016-06-13 16:56:00,133.0,1040.94,965.45
2016-06-14 16:56:00,130.01,1034.18,978.42
2016-06-15 16:56:00,131.5,1040.94,973.43
2016-06-16 16:56:00,129.0,1047.82,977.43
2016-06-17 16:56:00,127.49,1047.81,977.43
2016-06-20 16:56:00,127.57,1047.82,977.43
2016-06-21 16:56:00,129.0,1045.85,968.44
2016-06-22 16:56:00,128.05,1040.94,966.44
2016-06-23 16:56:00,130.0,1040.94,966.44
2016-06-24 16:56:00,127.5,1045.85,966.44
2016-06-27 16:56:00,129.0,1038.0,953.47
2016-06-28 16:56:00,128.8,1036.03,940.59
2016-06-29 16:56:00,130.4,1040.94,968.41
2016-06-30 16:56:00,130.5,1050.76,968.41
2016-07-01 16:56:00,129.0,1050.76,968.44
2016-07-04 16:56:00,129.0,1036.03,953.47
2016-07-05 16:56:00,128.7,1044.86,948.47
2016-07-06 16:56:00,127.1,1035.05,963.44
2016-07-08 16:56:00,129.0,1031.12,949.5
2016-07-11 16:56:00,126.51,1036.03,958.46
2016-07-12 16:56:00,127.1,1036.03,958.46
2016-07-13 16:56:00,127.08,1032.11,959.54
2016-07-14 16:56:00,127.08,1045.85,958.46
2016-07-15 16:56:00,128.95,1055.68,968.44
2016-07-18 16:56:00,130.0,1097.9,968.44
2016-07-19 16:56:00,134.0,1126.38,958.96
2016-07-20 16:56:00,132.08,1119.56,967.34
2016-07-21 16:56:00,133.0,1118.52,968.34
2016-07-22 16:56:00,135.3,1134.24,959.46
2016-07-25 16:56:00,136.0,1156.82,957.46
2016-07-27 16:56:00,135.0,1173.52,968.44
2016-07-28 16:56:00,134.2,1168.61,968.44
2016-07-29 16:56:00,135.2,1166.64,968.44
2016-08-01 16:56:00,130.0,1148.98,948.47
2016-08-02 16:56:00,131.22,1177.45,938.49
2016-08-03 16:56:00,131.5,1161.73,943.48
2016-08-04 16:56:00,132.0,1158.79,948.47
2016-08-08 16:56:00,132.88,1166.64,959.46
2016-08-09 16:56:00,135.1,1166.64,958.46
2016-08-10 16:56:00,135.0,1175.48,947.48
2016-08-11 16:56:00,133.15,1151.92,958.45
2016-08-12 16:56:00,132.98,1139.16,953.47
2016-08-15 16:56:00,132.57,1144.06,953.47
2016-08-17 16:56:00,134.0,1150.73,968.44
2016-08-18 16:56:00,133.49,1150.73,944.57
2016-08-19 16:56:00,132.0,1150.73,968.44
2016-08-22 16:56:00,133.0,1130.31,968.44
2016-08-23 16:56:00,131.8,1148.97,968.44
2016-08-24 16:56:00,132.37,1148.97,954.46
2016-08-25 16:56:00,132.24,1148.97,958.46
2016-08-26 16:56:00,134.2,1148.97,965.45
2016-08-29 16:56:00,133.99,1144.06,965.95
2016-08-30 16:56:00,133.5,1139.15,966.34
2016-08-31 16:56:00,135.0,1136.2,953.47
2016-09-01 16:56:00,133.35,1122.26,948.47
2016-09-02 16:56:00,133.5,1118.52,948.47
2016-09-05 16:56:00,133.0,1118.52,958.46
2016-09-06 16:56:00,133.48,1119.51,958.46
2016-09-08 16:56:00,133.87,1119.51,958.46
2016-09-09 16:56:00,133.25,1114.6,958.46
2016-09-12 16:56:00,133.0,1117.54,958.46
2016-09-13 16:56:00,132.5,1114.6,953.48
2016-09-14 16:56:00,134.0,1100.95,958.45
2016-09-15 16:56:00,133.01,1109.69,948.48
2016-09-16 16:56:00,133.5,1110.54,957.96
2016-09-19 16:56:00,133.7,1117.35,948.47
2016-09-20 16:56:00,133.47,1119.01,956.45
2016-09-21 16:56:00,133.6,1111.65,958.43
2016-09-22 16:56:00,133.02,1129.3,953.47
2016-09-23 16:56:00,134.01,1158.79,958.46
2016-09-26 16:56:00,134.0,1139.15,953.67
2016-09-27 16:56:00,133.89,1139.15,958.46
2016-09-28 16:56:00,133.53,1148.97,949.48
2016-09-29 16:56:00,134.0,1147.97,958.46
2016-09-30 16:56:00,134.6,1139.15,958.46
2016-10-03 16:56:00,134.65,1132.27,958.46
2016-10-04 16:56:00,134.5,1139.15,978.43
2016-10-05 16:56:00,135.0,1144.06,977.43
2016-10-06 16:56:00,134.7,1144.06,968.44
2016-10-07 16:56:00,134.6,1142.09,958.46
2016-10-10 16:56:00,135.0,1124.42,968.44
2016-10-11 16:56:00,136.0,1134.24,968.44
2016-10-13 16:56:00,135.4,1131.29,978.33
2016-10-14 16:56:00,135.7,1129.32,978.43
2016-10-17 16:56:00,135.0,1124.41,985.41
2016-10-18 16:56:00,137.9,1134.24,985.38
2016-10-19 16:56:00,137.1,1124.44,988.41
2016-10-20 16:56:00,140.59,1133.25,988.41
2016-10-21 16:56:00,140.5,1134.24,988.41
2016-10-24 16:56:00,143.0,1134.24,988.41
2016-10-25 16:56:00,144.8,1134.24,988.41
2016-10-26 16:56:00,145.01,1134.24,988.41
2016-10-27 16:56:00,146.38,1134.24,988.41
2016-10-28 16:56:00,147.25,1134.24,988.41
2016-10-31 16:56:00,147.99,1124.41,988.41
2016-11-01 16:56:00,145.0,1115.09,988.38
2016-11-03 16:56:00,148.0,1124.42,988.4
2016-11-04 16:56:00,146.0,1139.15,988.41
2016-11-07 16:56:00,144.11,1164.67,968.46
2016-11-08 16:56:00,144.35,1129.31,968.44
2016-11-09 16:56:00,142.4,1114.6,973.43
2016-11-10 16:56:00,141.53,1129.31,968.44
2016-11-11 16:56:00,143.5,1099.98,968.44
2016-11-14 16:56:00,142.8,1114.6,968.44
2016-11-16 16:56:00,141.21,1108.7,968.44
2016-11-17 16:56:00,143.4,1109.49,972.44
2016-11-18 16:56:00,143.48,1090.05,968.44
2016-11-21 16:56:00,143.5,1097.88,968.44
2016-11-22 16:56:00,145.5,1092.01,977.43
2016-11-23 16:56:00,143.5,1105.76,968.44
2016-11-24 16:56:00,141.2,1113.85,968.44
2016-11-25 16:56:00,140.0,1100.85,988.41
2016-11-28 16:56:00,140.58,1094.96,988.41
2016-11-29 16:56:00,141.0,1080.23,988.41
2016-11-30 16:56:00,139.05,1081.23,986.41
2016-12-01 16:56:00,138.49,1091.02,986.41
2016-12-02 16:56:00,136.8,1092.01,983.42
2016-12-05 16:56:00,137.0,1080.22,968.44
2016-12-06 16:56:00,139.88,1071.39,968.44
2016-12-07 16:56:00,137.61,1067.46,968.44
2016-12-08 16:56:00,137.2,1061.57,970.44
2016-12-09 16:56:00,138.57,1075.32,977.41
2016-12-12 16:56:00,146.0,1080.23,970.43
2016-12-13 16:56:00,142.5,1086.07,963.45
2016-12-14 16:56:00,138.1,1084.15,976.63
2016-12-15 16:56:00,141.4,1080.23,976.63
2016-12-16 16:56:00,140.95,1100.85,978.43
2016-12-19 16:56:00,141.3,1080.23,978.43
2016-12-20 16:56:00,140.48,1073.35,968.44
2016-12-21 16:56:00,144.5,1073.35,978.43
2016-12-22 16:56:00,144.0,1062.57,988.41
2016-12-23 16:56:00,138.9,1073.35,993.4
2016-12-26 16:56:00,141.05,1080.23,998.39
2016-12-27 16:56:00,144.0,1079.73,988.41
2016-12-28 16:56:00,143.0,1079.73,988.41
2016-12-29 16:56:00,143.5,1080.23,1003.39
2017-01-02 16:56:00,141.31,1080.23,1003.39
2017-01-03 16:56:00,141.22,1080.23,1002.39
2017-01-04 16:56:00,142.94,1080.23,1003.39
2017-01-05 16:56:00,143.0,1080.23,1002.89
2017-01-06 16:56:00,143.95,1080.23,1000.39
2017-01-09 16:56:00,144.51,1080.23,1000.4
2017-01-10 16:56:00,146.02,1080.23,1003.34
2017-01-11 16:56:00,147.5,1076.43,1003.39
2017-01-12 16:56:00,149.4,1090.05,1003.29
2017-01-13 16:56:00,150.5,1085.15,1001.39
2017-01-16 16:56:00,152.0,1099.87,1003.39
2017-01-17 16:56:00,149.1,1101.83,1018.36
2017-01-18 16:56:00,150.0,1101.83,1020.36
2017-01-19 16:56:00,150.54,1139.15,1022.35
2017-01-20 16:56:00,153.5,1115.48,998.39
2017-01-23 16:56:00,154.97,1119.51,998.39
2017-01-24 16:56:00,153.9,1136.69,1008.38
2017-01-26 16:56:00,151.97,1136.2,1008.38
2017-01-27 16:56:00,151.96,1162.7,1008.38
2017-01-30 16:56:00,151.9,1171.55,1006.38
2017-01-31 16:56:00,154.8,1174.99,1006.38
2017-02-01 16:56:00,150.0,1198.05,1010.67
2017-02-02 16:56:00,151.79,1237.35,1016.36
2017-02-03 16:56:00,151.5,1242.26,1016.36
2017-02-06 16:56:00,149.52,1228.52,1003.39
2017-02-07 16:56:00,148.99,1256.95,1018.36
2017-02-08 16:56:00,148.5,1256.99,1008.38
2017-02-09 16:56:00,149.0,1253.05,999.39
2017-02-10 16:56:00,147.49,1256.99,998.39
2017-02-13 16:56:00,148.0,1256.99,1003.39
2017-02-14 16:56:00,147.31,1256.99,998.39
2017-02-15 16:56:00,147.75,1269.76,998.39
2017-02-16 16:56:00,143.02,1269.74,1018.36
2017-02-17 16:56:00,144.5,1269.76,998.45
2017-02-20 16:56:00,146.51,1264.85,1023.35
2017-02-21 16:56:00,149.0,1263.85,1003.42
2017-02-22 16:56:00,147.0,1269.76,1078.26
2017-02-23 16:56:00,147.51,1291.36,1075.77
2017-02-24 16:56:00,149.0,1325.73,1068.28
2017-03-01 16:56:00,148.0,1365.01,1098.23
2017-03-02 16:56:00,147.5,1364.03,1098.13
2017-03-03 16:56:00,150.0,1360.1,1068.28
2017-03-06 16:56:00,153.0,1315.91,1068.28
2017-03-07 16:56:00,150.72,1280.57,1068.28
2017-03-08 16:56:00,150.12,1282.3,1068.28
2017-03-09 16:56:00,150.0,1281.54,1068.28
2017-03-10 16:56:00,151.97,1306.08,1053.31
2017-03-13 16:56:00,153.0,1261.9,1028.35
2017-03-14 16:56:00,152.35,1261.9,1028.35
2017-03-15 16:56:00,152.3,1261.9,1058.3
2017-03-16 16:56:00,154.5,1220.61,1028.35
2017-03-17 16:56:00,153.1,1217.71,1038.33
2017-03-20 16:56:00,154.4,1210.83,1058.3
2017-03-21 16:56:00,154.19,1181.38,1028.35
2017-03-22 16:56:00,154.2,1168.61,1058.3
2017-03-23 16:56:00,154.8,1139.14,1048.31
2017-03-24 16:56:00,155.59,1109.69,1043.32
2017-03-27 16:56:00,155.98,1102.81,1033.34
2017-03-28 16:56:00,157.5,1114.63,1028.35
2017-03-29 16:56:00,150.1,1178.43,1033.34
2017-03-30 16:56:00,151.5,1178.43,1033.34
2017-03-31 16:56:00,153.99,1171.75,1033.34
2017-04-03 16:56:00,147.8,1193.16,1048.31
2017-04-04 16:56:00,150.11,1200.03,1048.31
2017-04-05 16:56:00,152.01,1217.51,1048.31
2017-04-06 16:56:00,151.25,1259.89,1048.31
2017-04-07 16:56:00,152.6,1245.21,1068.27
2017-04-10 16:56:00,152.8,1242.26,1068.28
2017-04-11 16:56:00,150.0,1260.92,1068.28
2017-04-12 16:56:00,153.95,1226.55,1048.31
2017-04-13 16:56:00,153.0,1232.44,1046.32
2017-04-17 16:56:00,150.66,1232.44,1028.84
2017-04-18 16:56:00,150.5,1232.43,1028.84
2017-04-19 16:56:00,149.0,1247.17,1033.84
2017-04-20 16:56:00,150.0,1235.39,1068.28
2017-04-24 16:56:00,149.13,1241.74,1068.28
2017-04-25 16:56:00,147.51,1242.16,1068.28
2017-04-26 16:56:00,147.9,1212.8,1068.28
2017-04-27 16:56:00,146.0,1206.91,1068.27
2017-04-28 16:56:00,146.51,1211.81,1068.27
2017-05-02 16:56:00,146.0,1226.29,1054.3
2017-05-03 16:56:00,145.0,1207.89,1018.36
2017-05-04 16:56:00,144.92,1226.06,1023.35
2017-05-05 16:56:00,150.0,1227.43,1024.36
2017-05-08 16:56:00,150.46,1227.32,1038.33
2017-05-09 16:56:00,150.49,1221.64,1038.33
2017-05-10 16:56:00,151.85,1202.99,1036.33
2017-05-11 16:56:00,149.6,1203.97,1058.29
2017-05-12 16:56:00,151.8,1227.43,1018.36
2017-05-15 16:56:00,150.8,1257.77,1043.32
2017-05-16 16:56:00,150.9,1266.81,1043.32
2017-05-17 16:56:00,151.49,1261.9,1034.34
2017-05-18 16:56:00,146.0,1208.01,1003.39
2017-05-19 16:56:00,149.9,1227.53,1048.31
2017-05-22 16:56:00,148.0,1220.65,1028.35
2017-05-23 16:56:00,149.7,1222.62,1038.33
2017-05-24 16:56:00,150.0,1222.62,1013.42
2017-05-25 16:56:00,149.0,1222.13,1028.35
2017-05-26 16:56:00,150.0,1222.62,1028.37
2017-05-29 16:56:00,151.0,1219.84,1028.37
2017-05-30 16:56:00,151.0,1226.56,1027.35
2017-05-31 16:56:00,151.02,1232.44,1033.34
2017-06-01 16:56:00,151.5,1241.28,1033.34
2017-06-02 16:56:00,152.0,1227.54,1032.34
2017-06-05 16:56:00,149.61,1212.8,1032.34
2017-06-06 16:56:00,149.51,1214.76,1018.37
2017-06-07 16:56:00,149.31,1203.96,1023.36
2017-06-08 16:56:00,149.0,1194.14,1032.34
2017-06-09 16:56:00,149.95,1205.92,1033.34
2017-06-12 16:56:00,149.0,1197.09,1042.32
2017-06-13 16:56:00,149.35,1198.07,1028.35
2017-06-14 16:56:00,149.0,1226.55,1038.33
2017-06-16 16:56:00,148.7,1219.67,1038.33
2017-06-19 16:56:00,150.48,1231.46,1044.32
2017-06-20 16:56:00,148.6,1223.6,1038.43
2017-06-21 16:56:00,149.5,1229.49,1048.31
2017-06-22 16:56:00,149.12,1225.57,1058.3
2017-06-23 16:56:00,148.89,1222.62,1058.3
2017-06-26 16:56:00,149.15,1217.71,1043.32
2017-06-27 16:56:00,150.0,1219.67,1044.33
2017-06-28 16:56:00,149.33,1217.71,1053.31
2017-06-29 16:56:00,150.0,1203.57,1043.32
2017-06-30 16:56:00,149.3,1222.62,1058.29
2017-07-03 16:56:00,149.3,1206.91,1037.34
2017-07-04 16:56:00,148.7,1226.15,1033.34
2017-07-05 16:56:00,147.5,1226.06,1043.32
2017-07-06 16:56:00,147.26,1213.8,1033.34
2017-07-07 16:56:00,148.1,1202.05,1052.31
2017-07-10 16:56:00,148.69,1216.73,1088.25
2017-07-11 16:56:00,149.0,1220.65,1049.31
2017-07-12 16:56:00,149.8,1222.62,1048.31
2017-07-13 16:56:00,149.1,1216.73,1067.28
2017-07-14 16:56:00,148.71,1213.78,1068.28
2017-07-17 16:56:00,149.5,1221.8,1048.31
2017-07-18 16:56:00,149.74,1256.99,1048.31
2017-07-19 16:56:00,150.0,1237.34,1048.31
2017-07-20 16:56:00,149.66,1227.5,1038.33
2017-07-21 16:56:00,150.1,1217.71,1048.71
2017-07-24 16:56:00,149.34,1204.17,1049.29
2017-07-25 16:56:00,149.7,1212.8,1058.3
2017-07-26 16:56:00,149.74,1215.74,1058.3
2017-07-27 16:56:00,152.45,1215.74,1088.25
2017-07-28 16:56:00,151.06,1215.74,1088.25
2017-07-31 16:56:00,151.7,1215.74,1098.22
2017-08-01 16:56:00,151.0,1198.07,1097.23
2017-08-02 16:56:00,149.5,1223.45,1073.27
2017-08-03 16:56:00,150.95,1204.55,1088.24
2017-08-04 16:56:00,151.0,1188.35,1088.24
2017-08-07 16:56:00,151.5,1214.76,1088.24
2017-08-08 16:56:00,150.1,1235.38,1068.28
2017-08-09 16:56:00,150.0,1209.85,1069.28
2017-08-10 16:56:00,150.48,1209.85,1066.28
2017-08-11 16:56:00,151.0,1214.27,1058.3
2017-08-14 16:56:00,150.0,1217.71,1048.31
2017-08-15 16:56:00,149.7,1207.94,1048.31
2017-08-16 16:56:00,150.15,1247.17,1048.21
2017-08-17 16:56:00,149.89,1229.53,1048.31
2017-08-18 16:56:00,149.97,1233.44,1048.3
2017-08-21 16:56:00,150.59,1251.1,1048.31
2017-08-22 16:56:00,149.9,1238.59,1048.3
2017-08-23 16:56:00,150.0,1239.31,1048.3
2017-08-24 16:56:00,150.99,1247.16,1048.3
2017-08-25 16:56:00,150.35,1232.43,1048.31
2017-08-28 16:56:00,151.9,1252.08,1048.31
2017-08-29 16:56:00,152.0,1228.57,1056.3
2017-08-30 16:56:00,152.53,1237.35,1064.28
2017-08-31 16:56:00,151.5,1228.51,1065.29
2017-09-01 16:56:00,152.0,1244.22,1058.3
2017-09-04 16:56:00,152.2,1222.63,1058.3
2017-09-05 16:56:00,154.1,1222.78,1058.3
2017-09-06 16:56:00,154.0,1241.47,1058.3
2017-09-08 16:56:00,153.6,1241.28,1058.3
2017-09-11 16:56:00,153.5,1360.09,1038.33
2017-09-12 16:56:00,153.5,1281.54,1056.83
2017-09-13 16:56:00,154.0,1286.45,1057.67
2017-09-14 16:56:00,155.4,1266.81,1083.26
2017-09-15 16:56:00,157.8,1266.81,1058.3
2017-09-18 16:56:00,159.55,1276.63,1058.3
2017-09-19 16:56:00,162.0,1277.71,1068.28
2017-09-20 16:56:00,165.5,1301.17,1078.26
2017-09-21 16:56:00,165.86,1288.46,1058.3
2017-09-22 16:56:00,165.84,1276.63,1067.28
2017-09-25 16:56:00,164.74,1276.63,1048.31
2017-09-26 16:56:00,165.52,1281.05,1068.28
2017-09-27 16:56:00,166.03,1276.63,1063.29
2017-09-28 16:56:00,166.89,1298.23,1068.28
2017-09-29 16:56:00,169.05,1280.87,1068.28
2017-10-02 16:56:00,167.0,1271.95,1058.3
2017-10-03 16:56:00,166.0,1275.65,1058.3
2017-10-04 16:56:00,166.3,1282.52,1038.33
2017-10-05 16:56:00,166.0,1305.09,1038.33
2017-10-06 16:56:00,166.48,1304.13,1054.26
2017-10-09 16:56:00,164.61,1294.31,1052.31
2017-10-10 16:56:00,166.4,1288.46,105.28
2017-10-11 16:56:00,166.7,1276.73,105.28
2017-10-13 16:56:00,166.3,1292.32,105.25
2017-10-16 16:56:00,166.0,1293.31,104.83
2017-10-17 16:56:00,166.0,1291.36,105.23
2017-10-18 16:56:00,165.7,1294.31,105.13
2017-10-19 16:56:00,165.7,1296.27,105.23
2017-10-20 16:56:00,165.0,1298.23,104.54
2017-10-23 16:56:00,164.0,1298.23,104.54
2017-10-24 16:56:00,164.0,1296.27,101.65
2017-10-25 16:56:00,167.4,1299.17,101.84
2017-10-26 16:56:00,167.35,1298.23,101.94
2017-10-27 16:56:00,168.0,1304.13,102.34
2017-10-30 16:56:00,168.1,1291.38,101.65
2017-10-31 16:56:00,169.5,1259.94,103.52
2017-11-01 16:56:00,168.0,1233.98,102.83
2017-11-03 16:56:00,166.71,1253.54,103.52
2017-11-06 16:56:00,168.0,1256.0,104.33
2017-11-07 16:56:00,168.0,1271.23,101.85
2017-11-08 16:56:00,167.7,1315.89,104.32
2017-11-09 16:56:00,166.9,1296.27,104.33
2017-11-10 16:56:00,167.2,1272.7,104.33
2017-11-13 16:56:00,167.5,1296.27,102.45
2017-11-14 16:56:00,169.19,1291.36,101.15
2017-11-16 16:56:00,168.0,1284.0,103.33
2017-11-17 16:56:00,168.28,1289.4,106.33
2017-11-21 16:56:00,169.0,1289.4,104.84
2017-11-22 16:56:00,168.8,1306.09,104.8
2017-11-23 16:56:00,169.33,1306.09,104.82
2017-11-24 16:56:00,169.19,1306.09,106.33
2017-11-27 16:56:00,166.97,1291.36,101.64
2017-11-28 16:56:00,167.1,1301.18,101.84
2017-11-29 16:56:00,167.0,1287.06,104.7
2017-11-30 16:56:00,168.0,1299.22,102.04
2017-12-01 16:56:00,166.31,1261.9,99.84
2017-12-04 16:56:00,165.78,1266.81,99.84
2017-12-05 16:56:00,166.0,1262.88,97.64
2017-12-06 16:56:00,168.0,1259.94,96.84
2017-12-07 16:56:00,166.2,1248.25,97.84
2017-12-08 16:56:00,167.3,1257.11,97.84
2017-12-11 16:56:00,166.77,1260.93,97.79
2017-12-12 16:56:00,167.5,1286.16,97.34
2017-12-13 16:56:00,166.4,1262.88,96.84
2017-12-14 16:56:00,165.2,1261.04,96.74
2017-12-15 16:56:00,163.39,1266.81,97.34
2017-12-18 16:56:00,163.32,1276.63,97.32
2017-12-19 16:56:00,163.4,1345.37,97.82
2017-12-20 16:56:00,159.8,1325.72,99.74
2017-12-21 16:56:00,160.15,1291.36,97.19
2017-12-22 16:56:00,160.0,1269.76,99.57
2017-12-26 16:56:00,161.4,1315.89,99.57
2017-12-27 16:56:00,162.99,1318.86,103.8
2017-12-28 16:56:00,164.5,1318.86,103.79
2018-01-02 16:56:00,164.6,1272.73,103.87
2018-01-03 16:56:00,167.9,1275.65,103.43
2018-01-04 16:56:00,163.99,1276.62,102.83
2018-01-05 16:56:00,162.31,1276.63,101.91
2018-01-08 16:56:00,162.26,1276.63,101.84
2018-01-09 16:56:00,161.27,1266.91,101.14
2018-01-10 16:56:00,162.42,1265.83,101.6
2018-01-11 16:56:00,161.9,1268.77,100.84
2018-01-12 16:56:00,161.75,1266.81,101.84
2018-01-15 16:56:00,160.79,1271.72,101.84
2018-01-16 16:56:00,161.51,1276.63,101.07
2018-01-17 16:56:00,161.0,1276.63,101.84
2018-01-18 16:56:00,161.1,1296.05,101.84
2018-01-19 16:56:00,160.97,1288.41,101.84
2018-01-22 16:56:00,160.9,1294.8,101.84
2018-01-23 16:56:00,159.73,1281.6,102.83
2018-01-24 16:56:00,160.23,1276.68,102.34
2018-01-26 16:56:00,160.99,1286.62,103.53
2018-01-29 16:56:00,160.3,1286.45,101.84
2018-01-30 16:56:00,161.5,1283.5,101.64
2018-01-31 16:56:00,162.0,1290.38,101.84
2018-02-01 16:56:00,160.5,1266.81,102.33
2018-02-02 16:56:00,161.0,1272.7,101.61
2018-02-05 16:56:00,162.31,1262.92,101.84
2018-02-06 16:56:00,162.0,1275.64,101.84
2018-02-07 16:56:00,161.5,1262.49,101.42
2018-02-08 16:56:00,161.05,1261.9,101.64
2018-02-09 16:56:00,161.0,1271.72,101.32
2018-02-14 16:56:00,161.2,1276.63,101.32
2018-02-15 16:56:00,162.0,1284.49,101.29
2018-02-16 16:56:00,161.5,1311.0,101.32
2018-02-19 16:56:00,161.49,1295.29,101.84
2018-02-20 16:56:00,161.4,1306.09,101.84
2018-02-21 16:56:00,161.27,1343.41,102.09
2018-02-22 16:56:00,161.06,1325.72,102.79
2018-02-23 16:56:00,163.0,1315.91,104.68
2018-02-26 16:56:00,163.95,1315.91,107.79
2018-02-27 16:56:00,165.0,1321.8,107.83
2018-02-28 16:56:00,167.8,1355.18,108.82
2018-03-01 16:56:00,166.45,1333.58,102.17
2018-03-02 16:56:00,165.0,1340.46,106.7
2018-03-05 16:56:00,165.6,1327.69,107.63
2018-03-06 16:56:00,165.6,1339.46,107.03
2018-03-07 16:56:00,165.6,1332.61,106.83
2018-03-08 16:56:00,168.0,1365.01,106.83
2018-03-09 16:56:00,169.5,1374.96,106.83
2018-03-12 16:56:00,168.5,1438.65,106.33
2018-03-13 16:56:00,168.06,1457.32,106.68
2018-03-14 16:56:00,168.0,1448.48,106.73
2018-03-15 16:56:00,168.11,1468.12,106.4
2018-03-16 16:56:00,168.58,1473.03,106.83
2018-03-19 16:56:00,168.0,1509.37,107.73
2018-03-20 16:56:00,169.99,1522.14,107.33
2018-03-21 16:56:00,169.0,1522.14,106.37
2018-03-22 16:56:00,169.99,1530.97,107.08
2018-03-23 16:56:00,169.09,1530.97,107.82
2018-03-26 16:56:00,173.0,1527.59,108.33
2018-03-27 16:56:00,175.4,1492.68,108.43
2018-03-28 16:56:00,177.0,1492.68,108.33
2018-03-29 16:56:00,175.3,1476.74,108.48
2018-04-02 16:56:00,172.7,1414.11,109.71
2018-04-03 16:56:00,174.5,1389.56,108.33
2018-04-04 16:56:00,173.0,1389.56,108.34
2018-04-05 16:56:00,168.7,1374.84,108.3
2018-04-06 16:56:00,168.8,1378.76,107.83
2018-04-09 16:56:00,167.55,1365.02,108.33
2018-04-10 16:56:00,167.13,1374.81,108.33
2018-04-11 16:56:00,166.9,1368.45,109.32
2018-04-12 16:56:00,166.75,1371.45,109.32
2018-04-13 16:56:00,166.9,1375.81,109.32
2018-04-16 16:56:00,166.5,1374.73,109.72
2018-04-17 16:56:00,166.09,1372.38,108.96
2018-04-18 16:56:00,165.5,136.99,108.82
2018-04-19 16:56:00,167.0,136.83,108.92
2018-04-20 16:56:00,167.0,136.65,109.06
2018-04-23 16:56:00,167.0,136.4,109.07
2018-04-24 16:56:00,163.5,136.69,107.74
2018-04-25 16:56:00,163.5,136.38,107.8
2018-04-26 16:56:00,164.0,136.38,108.82
2018-04-27 16:56:00,164.0,136.99,109.07
2018-04-30 16:56:00,167.0,138.39,109.07
2018-05-02 16:56:00,165.01,137.87,108.73
2018-05-03 16:56:00,167.7,137.15,108.77
2018-05-04 16:56:00,166.95,137.39,107.83
2018-05-07 16:56:00,165.31,137.48,107.83
2018-05-08 16:56:00,165.15,137.24,107.73
2018-05-09 16:56:00,165.01,137.39,107.45
2018-05-10 16:56:00,166.04,135.76,106.84
2018-05-11 16:56:00,168.0,136.5,105.83
2018-05-14 16:56:00,167.51,136.49,105.78
2018-05-15 16:56:00,169.0,136.46,106.33
2018-05-16 16:56:00,167.5,136.59,106.56
2018-05-17 16:56:00,165.48,136.7,106.38
2018-05-18 16:56:00,164.5,135.27,106.38
2018-05-21 16:56:00,163.53,134.54,106.63
2018-05-22 16:56:00,162.0,132.07,106.33
2018-05-23 16:56:00,164.98,132.57,106.83
2018-05-24 16:56:00,163.6,129.73,108.33
2018-05-28 16:56:00,158.15,129.79,107.83
2018-05-29 16:56:00,158.42,130.61,109.12
2018-05-30 16:56:00,157.9,132.57,111.57
2018-06-01 16:56:00,154.99,131.59,108.88
2018-06-04 16:56:00,157.0,132.08,108.82
2018-06-05 16:56:00,157.95,133.06,108.33
2018-06-06 16:56:00,156.5,132.52,108.33
2018-06-07 16:56:00,151.6,129.23,107.83
2018-06-08 16:56:00,149.69,127.37,106.84
2018-06-11 16:56:00,151.54,127.66,105.53
2018-06-12 16:56:00,154.0,125.6,107.33
2018-06-13 16:56:00,153.05,124.57,107.31
2018-06-14 16:56:00,153.5,122.75,107.31
2018-06-15 16:56:00,149.99,121.97,105.83
2018-06-18 16:56:00,143.35,119.7,105.83
2018-06-19 16:56:00,141.6,119.49,105.83
2018-06-20 16:56:00,140.0,118.89,105.83
2018-06-21 16:56:00,139.98,120.49,105.83
2018-06-22 16:56:00,140.89,120.79,105.53
2018-06-25 16:56:00,141.51,121.04,107.83
2018-06-26 16:56:00,141.9,121.77,107.73
2018-06-27 16:56:00,143.1,121.77,107.73
2018-06-28 16:56:00,141.56,122.75,107.73
2018-06-29 16:56:00,142.49,123.54,107.73
2018-07-02 16:56:00,144.9,122.74,107.83
2018-07-03 16:56:00,144.2,123.59,108.33
2018-07-04 16:56:00,144.5,125.15,107.83
2018-07-05 16:56:00,144.0,124.14,107.83
2018-07-06 16:56:00,144.99,124.23,107.83
2018-07-10 16:56:00,144.6,123.24,107.83
2018-07-11 16:56:00,150.01,123.52,106.83
2018-07-12 16:56:00,149.51,122.05,106.83
2018-07-13 16:56:00,149.61,122.75,106.83
2018-07-16 16:56:00,148.5,123.19,106.83
2018-07-17 16:56:00,148.3,125.49,106.73
2018-07-18 16:56:00,148.7,123.64,106.81
2018-07-19 16:56:00,148.17,123.73,106.73
2018-07-20 16:56:00,149.44,123.54,106.83
2018-07-23 16:56:00,149.5,122.78,107.63
2018-07-24 16:56:00,149.2,123.21,107.71
2018-07-25 16:56:00,148.51,123.45,112.82
2018-07-26 16:56:00,148.49,123.16,109.83
2018-07-27 16:56:00,147.95,123.24,111.62
2018-07-30 16:56:00,147.9,123.51,111.87
2018-07-31 16:56:00,148.13,123.59,111.49
2018-08-01 16:56:00,147.4,124.68,108.82
2018-08-02 16:56:00,147.0,124.3,107.84
2018-08-03 16:56:00,146.99,124.46,107.83
2018-08-06 16:56:00,147.5,123.88,107.83
2018-08-07 16:56:00,147.0,124.22,108.03
2018-08-08 16:56:00,147.18,124.22,106.88
2018-08-09 16:56:00,146.7,123.84,105.83
2018-08-10 16:56:00,143.99,123.73,106.32
2018-08-13 16:56:00,142.8,123.97,105.81
2018-08-14 16:56:00,142.8,124.03,105.83
2018-08-15 16:56:00,141.52,123.85,105.83
2018-08-16 16:56:00,142.52,124.21,106.73
2018-08-17 16:56:00,142.87,124.23,106.09
2018-08-20 16:56:00,143.05,124.38,106.33
2018-08-21 16:56:00,143.2,123.73,105.83
2018-08-22 16:56:00,142.45,124.22,105.73
2018-08-23 16:56:00,140.8,123.93,105.33
2018-08-24 16:56:00,139.99,124.32,104.99
2018-08-27 16:56:00,140.5,124.0,105.08
2018-08-28 16:56:00,139.81,123.73,105.33
2018-08-29 16:56:00,139.75,124.03,106.11
2018-08-30 16:56:00,139.88,123.74,106.33
2018-08-31 16:56:00,139.4,123.75,106.31
2018-09-03 16:56:00,137.2,123.62,106.78
2018-09-04 16:56:00,138.6,124.09,105.84
2018-09-05 16:56:00,140.36,124.13,106.25
2018-09-06 16:56:00,139.5,123.97,106.63
2018-09-10 16:56:00,138.95,123.54,106.58
2018-09-11 16:56:00,136.9,123.24,106.78
2018-09-12 16:56:00,139.0,123.26,106.83
2018-09-13 16:56:00,139.0,124.88,106.83
2018-09-14 16:56:00,137.25,124.03,106.83
2018-09-17 16:56:00,137.28,124.01,106.83
2018-09-18 16:56:00,136.51,124.08,106.83
2018-09-19 16:56:00,136.98,124.08,106.8
2018-09-20 16:56:00,136.06,124.56,106.82
2018-09-21 16:56:00,135.9,124.72,106.63
2018-09-24 16:56:00,135.36,124.72,106.83
2018-09-25 16:56:00,134.7,124.21,106.83
2018-09-26 16:56:00,134.5,123.73,106.78
2018-09-27 16:56:00,134.04,123.98,106.83
2018-09-28 16:56:00,136.0,123.73,106.82
2018-10-01 16:56:00,134.2,123.15,106.23
2018-10-02 16:56:00,138.0,124.03,106.73
2018-10-03 16:56:00,142.9,123.73,106.83
2018-10-04 16:56:00,143.9,123.56,107.38
2018-10-05 16:56:00,146.9,123.54,106.83
2018-10-08 16:56:00,148.0,124.22,106.83
2018-10-09 16:56:00,152.0,124.33,108.53
2018-10-10 16:56:00,149.06,124.28,108.82
2018-10-11 16:56:00,148.0,124.03,108.92
2018-10-15 16:56:00,148.5,124.32,109.67
2018-10-16 16:56:00,148.1,124.23,109.42
2018-10-17 16:56:00,147.65,124.46,109.68
2018-10-18 16:56:00,147.99,124.3,109.82
2018-10-19 16:56:00,147.95,124.42,110.32
2018-10-22 16:56:00,147.96,124.58,109.72
2018-10-23 16:56:00,149.12,124.94,109.82
2018-10-24 16:56:00,148.0,126.29,109.86
2018-10-25 16:56:00,146.95,126.93,110.52
2018-10-26 16:56:00,149.5,127.76,109.92
2018-10-29 16:56:00,149.6,128.8,110.07
2018-10-30 16:56:00,152.5,129.2,110.82
2018-10-31 16:56:00,153.5,128.67,110.71
2018-11-01 16:56:00,150.5,129.48,110.82
2018-11-05 16:56:00,148.21,130.1,111.07
2018-11-06 16:56:00,147.85,130.51,110.45
2018-11-07 16:56:00,148.73,130.41,110.72
2018-11-08 16:56:00,150.0,130.71,110.37
2018-11-09 16:56:00,151.0,130.6,110.37
2018-11-12 16:56:00,151.99,130.71,111.3
2018-11-13 16:56:00,151.87,130.61,110.32
2018-11-14 16:56:00,159.8,130.41,110.74
2018-11-16 16:56:00,158.9,130.54,111.17
2018-11-19 16:56:00,157.89,131.35,110.82
2018-11-21 16:56:00,153.8,131.1,109.46
2018-11-22 16:56:00,155.0,131.59,109.46
2018-11-23 16:56:00,154.5,132.05,109.82
2018-11-26 16:56:00,153.95,132.17,108.82
2018-11-27 16:56:00,153.58,131.98,109.14
2018-11-28 16:56:00,153.39,132.72,108.58
2018-11-29 16:56:00,153.49,133.39,109.37
2018-11-30 16:56:00,151.9,134.35,110.94
2018-12-03 16:56:00,150.1,134.15,110.82
2018-12-04 16:56:00,149.1,133.31,111.07
2018-12-05 16:56:00,147.89,133.37,112.81
2018-12-06 16:56:00,146.0,133.55,113.07
2018-12-07 16:56:00,146.8,134.48,111.74
2018-12-10 16:56:00,146.76,134.05,111.32
2018-12-11 16:56:00,147.5,135.03,112.07
2018-12-12 16:56:00,145.85,134.34,111.82
2018-12-13 16:56:00,147.12,135.27,112.19
2018-12-14 16:56:00,147.5,136.01,112.32
2018-12-17 16:56:00,147.5,135.52,112.57
2018-12-18 16:56:00,146.99,135.72,113.31
2018-12-19 16:56:00,145.55,136.26,113.81
2018-12-20 16:56:00,146.02,136.99,113.72
2018-12-21 16:56:00,147.0,137.09,114.32
2018-12-26 16:56:00,146.0,137.39,114.77
2018-12-27 16:56:00,146.0,137.48,114.52
2018-12-28 16:56:00,146.22,137.48,114.92
2019-01-02 16:56:00,148.67,138.37,115.06
2019-01-03 16:56:00,150.28,138.42,114.82
2019-01-04 16:56:00,150.4,137.73,114.82
2019-01-07 16:56:00,149.47,138.96,114.82
2019-01-08 16:56:00,149.69,139.45,114.62
2019-01-09 16:56:00,148.81,140.76,115.28
2019-01-10 16:56:00,147.5,140.77,114.13
2019-01-11 16:56:00,148.0,141.02,114.82
2019-01-14 16:56:00,148.6,141.85,114.82
2019-01-15 16:56:00,148.99,142.36,115.56
2019-01-16 16:56:00,149.5,142.34,116.06
2019-01-17 16:56:00,149.5,142.1,117.31
2019-01-18 16:56:00,149.51,142.36,118.8
2019-01-21 16:56:00,148.15,143.32,118.67
2019-01-22 16:56:00,148.5,142.39,119.3
2019-01-23 16:56:00,148.37,142.39,119.06
2019-01-24 16:56:00,147.85,141.95,118.07
2019-01-28 16:56:00,148.1,141.41,117.8
2019-01-29 16:56:00,150.0,141.7,118.11
2019-01-30 16:56:00,148.35,141.41,118.71
2019-01-31 16:56:00,150.2,142.87,118.71
2019-02-01 16:56:00,148.65,143.47,118.89
2019-02-04 16:56:00,149.58,143.5,119.65
2019-02-05 16:56:00,150.5,143.38,118.98
2019-02-06 16:56:00,151.6,143.08,118.81
2019-02-07 16:56:00,153.0,143.42,118.81
2019-02-08 16:56:00,152.5,142.69,118.71
2019-02-11 16:56:00,155.99,144.16,118.61
2019-02-12 16:56:00,150.67,143.38,118.56
2019-02-13 16:56:00,151.0,143.38,118.56
2019-02-14 16:56:00,150.5,143.38,118.21
2019-02-15 16:56:00,150.5,145.09,112.82
2019-02-18 16:56:00,151.0,147.21,113.05
2019-02-19 16:56:00,151.0,147.21,112.77
2019-02-20 16:56:00,150.75,148.78,112.9
2019-02-21 16:56:00,151.0,146.56,109.82
2019-02-22 16:56:00,151.0,144.48,108.82
2019-02-25 16:56:00,150.9,143.07,109.12
2019-02-26 16:56:00,150.1,147.21,109.79
2019-02-27 16:56:00,151.55,148.52,110.42
2019-02-28 16:56:00,153.0,149.76,112.8
2019-03-01 16:56:00,152.75,149.32,109.23
2019-03-06 16:56:00,153.2,152.44,110.47
2019-03-07 16:56:00,154.3,152.88,109.89
2019-03-08 16:56:00,153.4,152.85,111.32
2019-03-11 16:56:00,153.0,154.18,111.17
2019-03-12 16:56:00,152.2,155.65,111.32
2019-03-13 16:56:00,151.9,156.62,115.56
2019-03-14 16:56:00,151.75,157.12,114.52
2019-03-15 16:56:00,154.0,157.81,114.82
2019-03-18 16:56:00,155.5,157.71,115.04
2019-03-19 16:56:00,152.75,157.12,114.67
2019-03-20 16:56:00,152.9,157.03,114.82
2019-03-21 16:56:00,152.88,157.03,114.82
2019-03-22 16:56:00,152.93,156.82,115.51
2019-03-25 16:56:00,153.7,157.11,115.81
2019-03-26 16:56:00,156.0,156.14,116.81
2019-03-27 16:56:00,154.0,157.71,115.81
2019-03-28 16:56:00,153.5,157.13,117.81
2019-03-29 16:56:00,152.54,158.5,116.81
2019-04-01 16:56:00,153.0,153.95,117.8
2019-04-02 16:56:00,151.19,154.08,117.81
2019-04-03 16:56:00,150.52,154.37,119.81
2019-04-04 16:56:00,150.11,155.16,121.8
2019-04-05 16:56:00,149.8,155.16,124.14
2019-04-08 16:56:00,150.2,156.14,123.92
2019-04-09 16:56:00,150.98,156.14,125.4
2019-04-10 16:56:00,152.0,154.51,124.64
2019-04-11 16:56:00,151.85,154.47,124.35
2019-04-12 16:56:00,151.41,154.19,124.67
2019-04-15 16:56:00,152.8,155.16,122.3
2019-04-16 16:56:00,149.01,157.12,122.7
2019-04-17 16:56:00,150.25,157.12,124.14
2019-04-18 16:56:00,151.5,159.09,123.8
2019-04-22 16:56:00,152.0,158.5,124.55
2019-04-23 16:56:00,152.5,158.11,124.07
2019-04-24 16:56:00,152.0,157.36,124.78
2019-04-25 16:56:00,152.6,157.13,124.79
2019-04-26 16:56:00,152.6,155.86,124.9
2019-04-29 16:56:00,151.5,155.17,125.3
2019-04-30 16:56:00,152.18,154.67,125.3
2019-05-02 16:56:00,152.0,151.13,117.31
2019-05-03 16:56:00,151.81,148.28,117.81
2019-05-06 16:56:00,150.22,147.79,117.66
2019-05-07 16:56:00,151.88,146.32,116.81
2019-05-08 16:56:00,151.8,145.25,116.8
2019-05-09 16:56:00,151.38,147.79,114.57
2019-05-10 16:56:00,151.35,146.66,114.71
2019-05-13 16:56:00,151.33,145.75,114.12
2019-05-14 16:56:00,150.99,149.75,114.27
2019-05-15 16:56:00,151.8,150.16,113.95
2019-05-16 16:56:00,153.19,150.36,114.41
2019-05-17 16:56:00,152.2,151.18,113.42
2019-05-20 16:56:00,152.4,150.26,114.53
2019-05-21 16:56:00,152.29,151.51,113.02
2019-05-22 16:56:00,152.5,150.66,112.88
2019-05-23 16:56:00,151.71,151.7,112.81
2019-05-24 16:56:00,152.2,152.16,112.82
2019-05-27 16:56:00,152.38,152.05,112.81
2019-05-28 16:56:00,152.71,152.03,113.39
2019-05-29 16:56:00,153.9,152.02,113.76
2019-05-30 16:56:00,154.39,152.02,115.62
2019-05-31 16:56:00,155.0,152.02,117.81
2019-06-03 16:56:00,155.39,152.01,117.3
2019-06-04 16:56:00,154.85,153.68,116.61
2019-06-05 16:56:00,153.0,154.48,116.61
2019-06-06 16:56:00,152.2,156.13,117.0
2019-06-07 16:56:00,152.0,156.98,116.81
2019-06-10 16:56:00,152.5,148.77,116.81
2019-06-11 16:56:00,150.0,146.91,115.81
2019-06-12 16:56:00,150.46,145.29,117.61
2019-06-13 16:56:00,151.0,146.32,117.83
2019-06-14 16:56:00,151.0,146.32,117.31
2019-06-17 16:56:00,151.0,146.24,117.25
2019-06-18 16:56:00,152.0,145.04,118.27
2019-06-19 16:56:00,151.7,144.36,118.81
2019-06-21 16:56:00,152.0,146.32,118.77
2019-06-24 16:56:00,152.5,145.63,119.36
2019-06-25 16:56:00,152.6,145.23,119.79
2019-06-26 16:56:00,152.87,145.34,119.81
2019-06-27 16:56:00,152.6,145.5,118.89
2019-06-28 16:56:00,154.23,145.87,119.56
2019-07-01 16:56:00,155.5,148.91,118.56
2019-07-02 16:56:00,155.0,149.64,117.86
2019-07-03 16:56:00,156.0,150.74,118.31
2019-07-04 16:56:00,153.0,150.34,118.09
2019-07-05 16:56:00,152.99,150.34,118.42
2019-07-08 16:56:00,152.7,149.37,118.71
2019-07-10 16:56:00,152.47,148.5,118.32
2019-07-11 16:56:00,151.4,148.66,118.81
2019-07-12 16:56:00,152.3,149.27,118.81
2019-07-15 16:56:00,152.5,150.23,118.54
2019-07-16 16:56:00,152.5,153.57,118.16
2019-07-17 16:56:00,152.45,153.1,117.81
2019-07-18 16:56:00,152.5,153.01,118.31
2019-07-19 16:56:00,152.4,151.73,117.81
2019-07-22 16:56:00,152.4,154.28,118.34
2019-07-23 16:56:00,152.2,155.35,119.52
2019-07-24 16:56:00,152.46,155.74,119.1
2019-07-25 16:56:00,150.01,155.85,117.23
2019-07-26 16:56:00,152.0,156.04,118.04
2019-07-29 16:56:00,152.65,156.88,116.71
2019-07-30 16:56:00,152.85,156.93,115.76
2019-07-31 16:56:00,153.49,156.98,115.86
2019-08-01 16:56:00,152.78,152.19,115.81
2019-08-02 16:56:00,154.1,151.25,115.59
2019-08-05 16:56:00,153.8,151.04,115.97
2019-08-06 16:56:00,154.6,150.07,116.06
2019-08-07 16:56:00,154.49,148.18,116.56
2019-08-08 16:56:00,154.12,149.1,116.9
2019-08-09 16:56:00,154.4,147.79,116.76
2019-08-12 16:56:00,155.4,147.29,115.81
2019-08-13 16:56:00,154.01,147.03,116.81
2019-08-14 16:56:00,155.0,148.13,117.06
2019-08-15 16:56:00,155.95,147.55,116.99
2019-08-16 16:56:00,156.0,148.67,116.81
2019-08-19 16:56:00,156.9,148.29,116.89
2019-08-20 16:56:00,157.1,148.28,116.88
2019-08-21 16:56:00,159.7,147.39,117.06
2019-08-22 16:56:00,158.9,148.09,117.01
2019-08-23 16:56:00,158.7,148.97,117.41
2019-08-26 16:56:00,157.0,147.56,117.41
2019-08-27 16:56:00,157.8,148.09,117.79
2019-08-28 16:56:00,158.0,148.92,117.91
2019-08-29 16:56:00,157.99,149.22,119.7
2019-08-30 16:56:00,158.2,150.02,119.81
2019-09-02 16:56:00,155.5,149.27,118.66
2019-09-03 16:56:00,156.0,149.86,120.81
2019-09-04 16:56:00,156.3,150.64,121.28
2019-09-05 16:56:00,156.5,151.21,121.01
2019-09-06 16:56:00,156.4,151.82,120.71
2019-09-09 16:56:00,156.5,151.72,119.81
2019-09-10 16:56:00,155.78,151.53,117.02
2019-09-11 16:56:00,155.35,151.53,118.99
2019-09-12 16:56:00,155.5,150.99,119.31
2019-09-13 16:56:00,155.76,151.53,119.31
2019-09-16 16:56:00,156.24,150.99,118.31
2019-09-17 16:56:00,156.07,151.48,118.99
2019-09-18 16:56:00,155.8,151.22,117.31
2019-09-19 16:56:00,156.2,151.04,118.06
2019-09-20 16:56:00,156.6,150.73,118.76
2019-09-23 16:56:00,155.75,150.74,118.81
2019-09-24 16:56:00,158.0,151.04,119.06
2019-09-25 16:56:00,158.85,150.69,119.01
2019-09-26 16:56:00,158.1,150.74,118.81
2019-09-27 16:56:00,159.0,150.99,118.96
2019-09-30 16:56:00,160.2,151.23,118.41
2019-10-01 16:56:00,160.0,151.22,115.48
2019-10-02 16:56:00,159.74,151.23,115.05
2019-10-03 16:56:00,158.51,151.23,115.81
2019-10-04 16:56:00,159.5,152.21,116.06
2019-10-07 16:56:00,159.0,153.2,117.11
2019-10-08 16:56:00,160.4,152.74,117.01
2019-10-09 16:56:00,159.61,153.98,117.04
2019-10-10 16:56:00,161.0,154.18,117.0
2019-10-11 16:56:00,163.0,154.81,117.26
2019-10-14 16:56:00,163.5,155.95,116.92
2019-10-15 16:56:00,165.3,156.02,117.31
2019-10-16 16:56:00,168.03,156.59,117.56
2019-10-17 16:56:00,168.0,157.11,117.81
2019-10-18 16:56:00,167.0,158.46,118.31
2019-10-21 16:56:00,168.48,159.09,118.81
2019-10-22 16:56:00,169.5,159.08,119.36
2019-10-23 16:56:00,169.0,158.35,119.56
2019-10-24 16:56:00,171.2,158.94,118.81
2019-10-25 16:56:00,170.97,158.3,119.81
2019-10-28 16:56:00,172.7,159.65,119.66
2019-10-29 16:56:00,171.51,159.63,122.8
2019-10-30 16:56:00,170.66,159.09,123.3
2019-10-31 16:56:00,170.0,159.27,124.8
2019-11-01 16:56:00,170.5,159.19,123.98
2019-11-04 16:56:00,172.8,160.66,125.2
2019-11-05 16:56:00,169.0,162.67,122.85
2019-11-06 16:56:00,169.7,163.84,125.83
2019-11-07 16:56:00,169.75,165.96,126.76
2019-11-08 16:56:00,169.43,165.3,123.35
2019-11-11 16:56:00,169.1,166.82,120.81
2019-11-12 16:56:00,168.53,165.98,120.81
2019-11-13 16:56:00,168.28,166.11,120.82
2019-11-14 16:56:00,168.89,169.1,122.55
2019-11-18 16:56:00,169.0,172.24,123.8
2019-11-19 16:56:00,172.48,173.83,124.6
2019-11-21 16:56:00,173.0,174.31,124.11
2019-11-22 16:56:00,171.0,174.31,123.79
2019-11-25 16:56:00,171.55,174.31,124.3
2019-11-26 16:56:00,173.07,174.8,123.81
2019-11-27 16:56:00,171.5,174.8,123.05
2019-11-28 16:56:00,173.88,176.57,124.8
2019-11-29 16:56:00,174.9,178.29,122.7
2019-12-02 16:56:00,174.49,176.76,116.57
2019-12-03 16:56:00,174.75,177.22,118.81
2019-12-04 16:56:00,175.61,181.52,119.76
2019-12-05 16:56:00,178.63,181.48,119.31
2019-12-06 16:56:00,180.0,182.39,119.31
2019-12-09 16:56:00,180.5,183.51,119.31
2019-12-10 16:56:00,181.99,184.6,120.21
2019-12-11 16:56:00,184.4,186.29,120.81
2019-12-12 16:56:00,184.15,192.48,121.11
2019-12-13 16:56:00,184.15,189.54,121.8
2019-12-16 16:56:00,185.0,191.26,120.26
2019-12-17 16:56:00,187.6,191.49,122.81
2019-12-18 16:56:00,188.0,189.7,124.5
2019-12-19 16:56:00,189.85,189.04,125.06
2019-12-20 16:56:00,190.0,193.16,127.69
2019-12-23 16:56:00,189.99,192.23,127.69
2019-12-26 16:56:00,192.0,195.42,130.79
2019-12-27 16:56:00,191.84,198.76,133.78
2019-12-30 16:56:00,198.18,202.44,130.74
2020-01-02 16:56:00,199.6,208.19,128.57
2020-01-03 17:50:00,199.6,217.16,129.79
2020-01-07 16:56:00,198.75,205.24,127.78
2020-01-08 16:56:00,187.5,195.76,126.99
2020-01-09 16:56:00,181.0,191.69,124.5
2020-01-10 16:56:00,178.9,192.52,122.82
2020-01-13 16:56:00,183.5,194.75,126.99
2020-01-14 16:56:00,184.48,196.11,126.7
2020-01-15 16:56:00,182.3,195.21,125.12
2020-01-16 16:56:00,182.4,194.44,125.1
2020-01-17 16:56:00,181.52,192.37,125.8
2020-01-20 16:56:00,181.95,186.78,122.45
2020-01-21 16:56:00,182.0,185.6,123.7
2020-01-22 16:56:00,183.0,181.78,123.07
2020-01-23 16:56:00,182.5,180.69,123.0
2020-01-24 16:56:00,182.03,178.73,122.05
2020-01-27 16:56:00,180.35,177.16,122.8
2020-01-28 16:56:00,182.15,180.0,120.38
2020-01-29 16:56:00,178.85,186.58,121.66
2020-01-30 16:56:00,180.25,185.78,119.81
2020-01-31 16:56:00,181.64,188.06,116.91
2020-02-03 16:56:00,182.66,188.25,114.82
2020-02-04 16:56:00,182.98,183.66,115.77
2020-02-05 16:56:00,182.25,182.81,115.31
2020-02-06 16:56:00,180.45,177.75,114.82
2020-02-07 16:56:00,180.55,178.09,114.72
2020-02-10 16:56:00,178.1,175.78,113.12
2020-02-11 16:56:00,177.9,179.31,113.13
2020-02-12 16:56:00,179.44,182.66,113.97
2020-02-13 16:56:00,180.0,182.63,114.07
2020-02-14 16:56:00,178.8,185.18,116.8
2020-02-17 16:56:00,179.6,185.36,116.31
2020-02-18 16:56:00,170.49,182.91,116.11
2020-02-19 16:56:00,166.65,177.75,116.11
2020-02-20 16:56:00,166.5,175.78,115.81
2020-02-21 16:56:00,170.42,175.29,116.01
2020-02-26 16:56:00,169.9,174.67,113.42
2020-02-27 16:56:00,170.18,175.01,113.34
2020-02-28 16:56:00,170.95,173.86,114.06
2020-03-02 16:56:00,171.0,175.1,114.32
2020-03-03 16:56:00,172.95,176.13,113.88
2020-03-04 16:56:00,171.35,179.17,114.6
2020-03-05 16:56:00,171.04,177.26,113.82
2020-03-06 16:56:00,170.49,174.84,112.92
2020-03-09 16:56:00,163.3,165.42,108.03
2020-03-10 16:56:00,164.29,166.87,110.32
2020-03-11 16:56:00,163.0,164.49,110.42
2020-03-12 16:56:00,150.1,151.33,101.84
2020-03-13 16:56:00,154.27,152.97,103.03
2020-03-16 16:56:00,150.19,143.38,99.19
2020-03-17 16:56:00,148.5,142.39,98.84
2020-03-18 16:56:00,132.33,114.95,89.86
2020-03-19 16:56:00,139.05,127.28,87.36
2020-03-20 16:56:00,143.11,133.56,90.55
2020-03-23 16:56:00,132.5,130.99,87.66
2020-03-24 16:56:00,139.0,137.48,89.88
2020-03-25 16:56:00,148.9,149.77,91.98
2020-03-26 16:56:00,151.84,156.03,94.05
2020-03-27 16:56:00,150.6,158.0,93.45
2020-03-30 16:56:00,153.05,156.14,95.85
2020-03-31 16:56:00,154.02,155.21,96.84
2020-04-01 16:56:00,150.9,151.23,96.83
2020-04-02 16:56:00,149.0,150.25,96.3
2020-04-03 16:56:00,147.01,149.27,93.65
2020-04-06 16:56:00,147.8,152.77,91.85
2020-04-07 16:56:00,151.55,159.58,93.59
2020-04-08 16:56:00,150.99,164.78,95.29
2020-04-09 16:56:00,153.0,167.18,95.59
2020-04-13 16:56:00,153.25,167.71,95.6
2020-04-14 16:56:00,152.75,170.72,95.99
2020-04-15 16:56:00,149.7,170.68,95.05
2020-04-16 16:56:00,152.0,173.72,97.84
2020-04-17 16:56:00,151.38,174.8,99.34
2020-04-20 16:56:00,150.6,173.82,100.34
2020-04-22 16:56:00,150.22,176.75,100.79
2020-04-23 16:56:00,152.2,178.71,100.99
2020-04-24 16:56:00,151.67,173.92,96.84
2020-04-27 16:56:00,152.0,172.98,97.94
2020-04-28 16:56:00,154.03,174.01,96.94
2020-04-29 16:56:00,160.0,173.7,98.33
2020-04-30 16:56:00,158.99,169.89,97.85
2020-05-04 16:56:00,156.4,164.97,97.11
2020-05-05 16:56:00,157.0,162.05,96.89
2020-05-06 16:56:00,160.25,163.02,96.44
2020-05-07 16:56:00,160.0,162.57,98.34
2020-05-08 16:56:00,162.5,166.74,98.34
2020-05-11 16:56:00,164.45,170.76,101.29
2020-05-12 16:56:00,163.65,172.64,100.05
2020-05-13 16:56:00,162.7,170.59,100.34
2020-05-14 16:56:00,160.92,170.77,100.44
2020-05-15 16:56:00,161.91,171.33,101.59
2020-05-18 16:56:00,162.4,172.05,100.94
2020-05-19 16:56:00,163.05,173.48,101.25
2020-05-20 16:56:00,163.0,173.8,101.85
2020-05-21 16:56:00,163.55,171.95,102.03
2020-05-22 16:56:00,165.95,175.83,102.63
2020-05-25 16:56:00,167.3,176.96,103.42
2020-05-26 16:56:00,167.7,177.5,103.43
2020-05-27 16:56:00,169.72,174.77,103.33
2020-05-28 16:56:00,170.0,177.75,103.41
2020-05-29 16:56:00,172.39,178.68,103.43
2020-06-01 16:56:00,170.5,180.1,103.83
2020-06-02 16:56:00,171.19,184.92,103.5
2020-06-03 16:56:00,172.48,184.01,104.88
2020-06-04 16:56:00,171.0,183.93,105.81
2020-06-05 16:56:00,170.89,189.14,106.53
2020-06-08 16:56:00,170.5,187.08,107.23
2020-06-09 16:56:00,168.5,187.37,106.89
2020-06-10 16:56:00,167.49,185.88,106.78
2020-06-12 16:56:00,166.66,185.22,107.08
2020-06-15 16:56:00,165.44,185.97,107.02
2020-06-16 16:56:00,166.31,185.6,107.08
2020-06-17 16:56:00,169.0,186.02,108.05
2020-06-18 16:56:00,168.63,187.52,107.87
2020-06-19 16:56:00,167.65,188.09,107.09
2020-06-22 16:56:00,167.3,184.7,107.42
2020-06-23 16:56:00,167.6,183.95,108.03
2020-06-24 16:56:00,167.79,183.71,106.94
2020-06-25 16:56:00,169.0,184.62,106.29
2020-06-26 16:56:00,169.1,185.6,106.11
2020-06-29 16:56:00,169.5,185.31,106.38
2020-06-30 16:56:00,168.94,186.53,108.62
2020-07-01 16:56:00,169.99,186.48,108.68
2020-07-02 16:56:00,169.45,186.58,108.44
2020-07-03 16:56:00,167.9,185.6,108.33
2020-07-06 16:56:00,167.4,188.32,107.98
2020-07-07 16:56:00,166.36,192.97,107.83
2020-07-08 16:56:00,165.0,191.1,107.18
2020-07-10 16:56:00,158.79,176.27,105.83
2020-07-13 16:56:00,157.69,169.6,104.58
2020-07-14 16:56:00,157.3,166.06,104.92
2020-07-15 16:56:00,157.49,166.11,102.83
2020-07-16 16:56:00,157.5,171.85,102.07
2020-07-17 16:56:00,156.0,171.85,101.69
2020-07-20 16:56:00,156.9,168.8,101.84
2020-07-21 16:56:00,158.98,169.88,100.34
2020-07-22 16:56:00,159.0,170.92,99.49
2020-07-23 16:56:00,159.0,172.84,98.84
2020-07-24 16:56:00,158.89,173.68,97.74
2020-07-27 16:56:00,157.15,171.8,96.65
2020-07-28 16:56:00,157.0,173.7,99.34
2020-07-29 16:56:00,157.0,175.78,100.14
2020-07-30 16:56:00,157.5,175.78,99.85
2020-07-31 16:56:00,156.82,176.76,100.02
2020-08-03 16:56:00,157.45,175.62,98.34
2020-08-04 16:56:00,157.6,174.53,99.2
2020-08-05 16:56:00,159.69,174.75,97.86
2020-08-06 16:56:00,157.61,172.67,96.54
2020-08-07 16:56:00,158.1,174.8,98.19
2020-08-10 16:56:00,158.67,177.26,101.28
2020-08-11 16:56:00,159.01,180.68,102.74
2020-08-12 16:56:00,159.27,181.87,102.2
2020-08-13 16:56:00,160.03,183.46,100.08
2020-08-14 16:56:00,159.05,181.23,101.63
2020-08-17 16:56:00,156.15,184.62,102.34
2020-08-18 16:56:00,158.2,183.83,101.4
2020-08-19 16:56:00,160.1,183.92,102.04
2020-08-20 16:56:00,160.89,184.13,102.63
2020-08-21 16:56:00,164.89,185.89,103.32
2020-08-24 16:56:00,164.59,186.57,103.13
2020-08-25 16:56:00,164.45,181.67,101.89
2020-08-26 16:56:00,164.0,185.11,103.09
2020-08-27 16:56:00,164.5,184.91,102.36
2020-08-28 16:56:00,164.5,184.42,103.26
2020-08-31 16:56:00,164.39,178.73,103.83
2020-09-01 16:56:00,164.97,168.77,102.98
2020-09-02 16:56:00,165.97,170.28,104.63
2020-09-03 16:56:00,165.97,170.87,104.83
2020-09-04 16:56:00,167.61,170.85,105.46
2020-09-08 16:56:00,166.13,169.89,105.33
2020-09-09 16:56:00,165.95,169.79,104.95
2020-09-10 16:56:00,166.0,168.22,104.98
2020-09-11 16:56:00,166.7,167.71,104.81
2020-09-14 16:56:00,167.1,166.49,104.59
2020-09-15 16:56:00,168.0,165.41,104.53
2020-09-16 16:56:00,167.5,164.66,103.71
2020-09-17 16:56:00,166.8,164.16,102.43
2020-09-18 16:56:00,165.3,163.99,103.14
2020-09-21 16:56:00,166.02,162.66,102.58
2020-09-22 16:56:00,166.5,165.18,103.08
2020-09-23 16:56:00,166.49,165.27,103.08
2020-09-24 16:56:00,166.67,165.52,102.25
2020-09-25 16:56:00,166.0,165.6,102.34
2020-09-28 16:56:00,165.06,165.57,102.44
2020-09-29 16:56:00,165.1,165.86,102.34
2020-09-30 16:56:00,165.03,166.93,103.02
2020-10-01 16:56:00,165.62,166.92,102.83
2020-10-02 16:56:00,166.2,167.92,102.72
2020-10-05 16:56:00,165.21,166.75,103.26
2020-10-06 16:56:00,166.45,167.34,102.63
2020-10-07 16:56:00,166.49,168.2,102.54
2020-10-08 16:56:00,166.7,168.68,102.34
2020-10-09 16:56:00,166.65,169.85,102.44
2020-10-13 16:56:00,166.9,171.36,102.33
2020-10-14 16:56:00,166.83,171.36,101.94
2020-10-15 16:56:00,166.85,170.38,101.85
2020-10-16 16:56:00,166.85,170.48,100.86
2020-10-19 16:56:00,166.8,169.16,100.89
2020-10-20 16:56:00,166.97,168.66,100.96
2020-10-21 16:56:00,166.8,167.58,101.78
2020-10-22 16:56:00,165.2,166.99,101.38
2020-10-23 16:56:00,163.24,167.54,101.24
2020-10-26 16:56:00,160.8,166.75,99.95
2020-10-27 16:56:00,160.89,166.03,100.1
2020-10-28 16:56:00,159.7,162.72,98.56
2020-10-29 16:56:00,159.49,163.7,100.66
2020-10-30 16:56:00,158.73,161.05,100.64
2020-11-03 16:56:00,158.32,160.37,100.32
2020-11-04 16:56:00,158.38,160.66,100.21
2020-11-05 16:56:00,158.18,163.51,100.29
2020-11-06 16:56:00,158.44,164.02,100.72
2020-11-09 16:56:00,158.15,164.62,100.74
2020-11-10 16:56:00,159.5,165.9,100.68
2020-11-11 16:56:00,158.5,165.94,101.2
2020-11-12 16:56:00,158.25,165.47,101.23
2020-11-13 16:56:00,158.76,164.24,101.04
2020-11-16 16:56:00,159.9,164.98,101.04
2020-11-17 16:56:00,158.88,165.21,99.59
2020-11-18 16:56:00,159.0,165.86,99.47
2020-11-19 16:56:00,159.98,165.32,99.34
2020-11-20 16:56:00,160.0,164.88,98.04
2020-11-23 16:56:00,159.05,164.18,98.74
2020-11-24 16:56:00,159.86,163.44,98.84
2020-11-25 16:56:00,159.59,164.76,98.34
2020-11-26 16:56:00,158.9,165.18,98.4
2020-11-27 16:56:00,159.04,165.36,99.23
2020-11-30 16:56:00,159.25,164.69,99.93
2020-12-01 16:56:00,158.6,164.7,98.54
2020-12-02 16:56:00,157.8,164.98,98.49
2020-12-03 16:56:00,157.72,165.03,98.8
2020-12-04 16:56:00,157.08,164.98,97.84
2020-12-07 16:56:00,156.2,164.98,97.84
2020-12-08 16:56:00,155.86,165.97,97.96
2020-12-09 16:56:00,155.3,164.05,97.83
2020-12-10 16:56:00,153.89,164.45,97.53
2020-12-11 16:56:00,153.63,164.78,97.64
2020-12-14 16:56:00,155.0,164.79,98.18
2020-12-15 16:56:00,157.78,165.13,98.41
2020-12-16 16:56:00,158.31,165.18,98.27
2020-12-17 16:56:00,157.9,165.86,98.39
2020-12-18 16:56:00,158.6,165.97,98.79
2020-12-21 16:56:00,158.96,166.94,99.34
2020-12-22 16:56:00,159.53,168.75,99.84
2020-12-23 16:56:00,161.69,170.04,100.89
2020-12-28 16:56:00,162.52,171.85,101.37
2020-12-29 16:56:00,164.41,175.38,101.79
2020-12-30 16:56:00,162.32,177.75,101.64
2021-01-04 16:56:00,160.67,176.52,101.54
2021-01-05 16:56:00,159.8,175.33,101.74
2021-01-06 16:56:00,159.86,177.12,101.09
2021-01-07 16:56:00,159.95,177.06,101.71
2021-01-08 16:56:00,159.55,178.63,101.84
2021-01-11 16:56:00,159.8,178.32,101.83
2021-01-12 19:30:00,159.5,178.2,101.84
2021-01-13 16:56:00,159.44,178.57,102.43
2021-01-14 16:56:00,160.02,177.21,102.44
2021-01-15 16:56:00,160.1,177.7,102.74
2021-01-18 16:56:00,159.8,177.84,103.33
2021-01-19 16:56:00,160.0,178.24,103.38
2021-01-20 16:56:00,160.0,177.8,103.71
2021-01-21 16:56:00,159.6,177.81,103.57
2021-01-22 16:56:00,158.71,178.07,103.31
2021-01-26 16:56:00,159.15,177.7,103.83
2021-01-27 16:56:00,158.7,177.67,103.53
2021-01-28 16:56:00,159.43,177.61,103.91
2021-01-29 16:56:00,159.8,176.42,103.69
2021-02-01 16:56:00,158.56,174.0,103.24
2021-02-02 16:56:00,159.79,176.03,103.68
2021-02-03 16:56:00,158.52,176.52,103.51
2021-02-04 16:56:00,157.8,174.79,103.63
2021-02-05 16:56:00,158.5,175.36,104.15
2021-02-08 16:56:00,158.42,174.72,103.79
2021-02-09 16:56:00,158.14,175.33,104.23
2021-02-10 16:56:00,158.39,175.09,104.43
2021-02-11 16:56:00,158.75,175.3,104.43
2021-02-12 16:56:00,159.89,175.09,104.63
2021-02-17 16:56:00,160.01,175.09,104.06
2021-02-18 16:56:00,158.81,174.69,104.26
2021-02-19 16:56:00,159.19,174.8,104.75
2021-02-22 16:56:00,158.15,174.36,104.08
2021-02-23 16:56:00,157.82,175.54,105.33
2021-02-24 16:56:00,158.15,175.52,105.33
2021-02-25 16:56:00,157.9,174.95,105.12
2021-02-26 16:56:00,158.29,175.78,103.88
2021-03-01 16:56:00,157.24,175.49,104.32
2021-03-02 16:56:00,155.75,175.37,103.62
2021-03-03 16:56:00,155.2,174.57,103.36
2021-03-04 16:56:00,154.57,174.58,102.84
2021-03-05 16:56:00,154.0,173.34,103.62
2021-03-08 16:56:00,154.24,170.1,104.37
2021-03-09 16:56:00,153.99,173.57,104.43
2021-03-10 16:56:00,152.6,172.96,104.21
2021-03-11 16:56:00,152.65,173.82,104.59
2021-03-12 19:30:00,152.44,173.82,104.83
2021-03-15 16:56:00,151.75,173.82,105.23
2021-03-16 16:56:00,151.04,173.6,105.33
2021-03-17 16:56:00,149.66,173.03,105.95
2021-03-18 16:56:00,147.48,172.05,107.63
2021-03-19 16:56:00,146.39,168.42,107.77
2021-03-22 16:56:00,145.38,170.38,107.63
2021-03-23 16:56:00,144.0,168.92,107.86
2021-03-24 16:56:00,142.4,168.89,107.84
2021-03-25 16:56:00,142.52,167.47,107.75
2021-03-26 16:56:00,144.46,166.65,107.86
2021-03-29 16:56:00,146.57,168.91,107.85
2021-03-30 16:56:00,150.0,169.79,107.85
2021-03-31 16:56:00,152.73,172.83,108.4
2021-04-01 16:56:00,153.47,171.51,108.39
2021-04-05 16:56:00,151.8,170.37,108.51
2021-04-06 16:56:00,148.5,169.4,108.16
2021-04-07 16:56:00,150.5,169.1,108.13
2021-04-08 16:56:00,150.4,168.9,108.15
2021-04-09 16:56:00,150.18,169.4,108.82
2021-04-12 19:30:00,151.0,169.29,108.33
2021-04-13 16:56:00,150.89,168.91,108.26
2021-04-14 16:56:00,151.5,168.82,108.24
2021-04-15 16:56:00,151.35,168.91,109.17
2021-04-16 16:56:00,150.81,168.91,108.71
2021-04-19 16:56:00,150.09,168.44,108.42
2021-04-20 16:56:00,150.29,168.17,108.58
2021-04-22 16:56:00,150.01,168.44,108.43
2021-04-23 16:56:00,150.3,168.82,109.18
2021-04-26 16:56:00,151.4,168.92,109.43
2021-04-27 16:56:00,151.47,168.85,109.11
2021-04-28 16:56:00,151.77,167.93,109.25
2021-04-29 16:56:00,149.01,169.01,108.48
2021-04-30 16:56:00,149.15,170.87,109.42
2021-05-03 16:56:00,148.4,168.42,107.68
2021-05-04 16:56:00,148.59,167.98,107.64
2021-05-05 16:56:00,147.5,167.93,108.46
2021-05-06 16:56:00,147.84,168.62,108.48
2021-05-07 16:56:00,147.6,168.57,108.77
2021-05-10 16:56:00,148.43,167.86,108.06
2021-05-11 16:56:00,149.99,167.34,106.43
2021-05-12 16:56:00,150.23,167.8,107.2
2021-05-13 16:56:00,149.14,168.62,107.56
2021-05-14 16:56:00,149.01,168.15,107.33
2021-05-17 16:56:00,147.8,167.82,105.78
2021-05-18 16:56:00,147.02,167.03,105.63
2021-05-19 16:56:00,145.1,166.73,105.27
2021-05-20 16:56:00,144.87,167.19,105.92
2021-05-21 16:56:00,145.2,166.36,105.09
2021-05-24 16:56:00,145.48,166.46,106.07
2021-05-25 16:56:00,144.8,166.55,106.93
2021-05-26 16:56:00,142.4,166.94,105.63
2021-05-27 16:56:00,142.02,166.0,106.03
2021-05-28 16:56:00,143.27,166.89,107.21
2021-05-31 16:56:00,143.72,166.49,107.48
2021-06-01 16:56:00,142.26,166.45,105.33
2021-06-02 16:56:00,141.54,166.85,105.14
2021-06-04 16:56:00,141.6,167.42,105.02
2021-06-07 16:56:00,141.5,163.89,105.23
2021-06-08 16:56:00,141.29,162.43,105.53
2021-06-09 16:56:00,141.17,164.02,104.7
2021-06-10 16:56:00,140.9,164.05,104.88
2021-06-11 16:56:00,141.86,164.78,104.89
2021-06-14 16:56:00,141.35,164.53,105.45
2021-06-15 16:56:00,141.53,164.99,105.75
2021-06-16 16:56:00,141.17,165.57,104.63
2021-06-17 16:56:00,141.46,164.51,103.49
2021-06-18 16:56:00,140.57,168.41,104.23
2021-06-21 16:56:00,140.16,167.51,104.03
2021-06-22 16:56:00,138.91,167.31,103.63
2021-06-23 16:56:00,137.1,167.48,103.79
2021-06-24 16:56:00,137.1,167.93,104.38
2021-06-25 16:56:00,133.19,164.49,101.89
2021-06-28 16:56:00,134.79,162.52,99.34
2021-06-29 16:56:00,137.02,166.94,103.08
2021-06-30 16:56:00,138.61,165.57,103.81
2021-07-01 16:56:00,138.9,165.59,102.44
2021-07-02 16:56:00,138.5,166.74,101.1
2021-07-05 16:56:00,137.79,166.74,102.07
2021-07-06 16:56:00,137.85,166.75,102.07
2021-07-07 16:56:00,138.8,167.02,102.43
2021-07-08 16:56:00,139.0,167.05,102.8
2021-07-12 19:30:00,141.0,166.93,104.13
2021-07-13 16:56:00,143.4,166.94,104.83
2021-07-14 16:56:00,142.1,166.87,105.83
2021-07-15 16:56:00,142.35,167.14,104.82
2021-07-16 16:56:00,142.02,167.43,105.82
2021-07-19 16:56:00,142.02,169.37,105.93
2021-07-20 16:56:00,141.99,172.88,105.48
2021-07-21 16:56:00,141.53,173.03,105.23
2021-07-22 16:56:00,140.88,169.79,105.68
2021-07-23 16:56:00,140.1,165.97,105.29
2021-07-26 16:56:00,139.81,167.09,104.94
2021-07-27 16:56:00,140.0,165.81,104.52
2021-07-28 16:56:00,139.75,165.98,105.22
2021-07-29 16:56:00,139.8,166.17,105.58
2021-07-30 16:56:00,140.37,165.93,106.33
2021-08-02 16:56:00,139.29,164.02,104.73
2021-08-03 16:56:00,137.7,164.02,103.63
2021-08-04 16:56:00,137.63,162.45,103.44
2021-08-05 16:56:00,134.9,162.45,101.81
2021-08-06 16:56:00,135.75,163.51,102.98
2021-08-09 16:56:00,135.46,162.08,102.05
2021-08-10 16:56:00,134.6,161.94,102.27
2021-08-11 16:56:00,134.42,162.93,103.07
2021-08-12 19:30:00,135.0,162.86,103.01
2021-08-13 16:56:00,133.5,163.25,101.75
2021-08-16 16:56:00,133.57,163.31,101.27
2021-08-17 16:56:00,132.93,162.79,100.97
2021-08-18 16:56:00,132.97,160.56,100.84
2021-08-19 16:56:00,131.3,160.79,99.96
2021-08-20 16:56:00,133.29,160.06,100.16
2021-08-23 16:56:00,139.24,160.86,100.5
2021-08-24 16:56:00,140.4,159.28,100.4
2021-08-25 16:56:00,139.56,159.64,100.43
2021-08-26 16:56:00,141.2,159.77,102.07
2021-08-27 16:56:00,140.58,160.61,102.14
2021-08-30 16:56:00,141.5,161.25,102.4
2021-08-31 16:56:00,142.17,159.88,103.67
2021-09-01 16:56:00,141.17,158.69,101.84
2021-09-02 16:56:00,141.2,158.45,101.84
2021-09-03 16:56:00,141.23,157.62,102.91
2021-09-06 16:56:00,141.35,159.42,102.83
2021-09-08 16:56:00,141.05,158.97,101.83
2021-09-09 16:56:00,141.3,159.91,103.82
2021-09-10 16:56:00,139.6,159.14,102.83
2021-09-13 16:56:00,134.42,159.26,104.08
2021-09-14 16:56:00,138.6,158.89,102.04
2021-09-15 16:56:00,140.45,159.76,102.02
2021-09-16 16:56:00,141.04,159.31,102.37
2021-09-17 16:56:00,146.15,159.03,103.39
2021-09-20 16:56:00,143.1,158.35,101.54
2021-09-21 16:56:00,146.0,157.9,102.71
2021-09-22 16:56:00,145.88,159.28,104.75
2021-09-23 16:56:00,145.14,159.33,103.83
2021-09-24 16:56:00,145.35,159.67,104.56
2021-09-27 16:56:00,148.15,160.56,105.24
2021-09-28 16:56:00,146.38,160.26,106.13
2021-09-29 16:56:00,145.51,160.22,107.2
2021-09-30 16:56:00,147.0,162.03,106.93
2021-10-01 16:56:00,145.0,161.05,107.82
2021-10-04 16:56:00,144.26,160.86,106.61
2021-10-05 16:56:00,144.2,160.29,105.46
2021-10-06 16:56:00,144.89,161.05,103.62
2021-10-07 16:56:00,144.54,161.1,103.93
2021-10-08 16:56:00,145.0,161.54,103.75
2021-10-11 16:56:00,145.88,163.02,103.83
2021-10-13 16:56:00,145.8,160.98,104.63
2021-10-14 16:56:00,144.99,161.05,104.52
2021-10-15 16:56:00,144.0,163.02,105.63
2021-10-18 16:56:00,143.98,164.17,105.83
2021-10-19 16:56:00,142.35,164.5,105.75
2021-10-20 16:56:00,142.83,165.28,106.82
2021-10-21 16:56:00,141.82,164.49,106.33
2021-10-22 16:56:00,140.9,164.0,105.42
2021-10-25 16:56:00,140.34,164.17,103.83
2021-10-26 16:56:00,138.1,164.44,104.01
2021-10-27 16:56:00,137.4,163.86,103.13
2021-10-28 16:56:00,137.0,162.34,105.21
2021-10-29 16:56:00,135.69,164.0,105.97
2021-11-01 16:56:00,135.45,161.83,104.13
2021-11-03 16:56:00,133.5,160.41,103.76
2021-11-04 16:56:00,133.6,158.4,102.89
2021-11-05 16:56:00,133.16,158.53,102.01
2021-11-08 16:56:00,133.48,157.71,101.34
2021-11-09 16:56:00,135.2,157.12,103.77
2021-11-10 16:56:00,134.5,156.9,102.75
2021-11-11 16:56:00,134.17,156.63,103.71
2021-11-12 19:30:00,133.5,157.12,102.84
2021-11-16 16:56:00,133.4,156.3,102.4
2021-11-17 16:56:00,133.12,155.16,103.23
2021-11-18 16:56:00,133.0,154.58,102.24
2021-11-19 19:30:00,133.5,156.04,102.53
2021-11-22 19:30:00,134.0,155.41,102.6
2021-11-23 19:30:00,132.95,154.63,102.83
2021-11-24 19:30:00,130.66,152.51,100.45
2021-11-25 19:30:00,129.47,154.07,100.34
2021-11-26 19:30:00,128.28,155.03,99.79
2021-11-29 19:30:00,127.65,157.06,100.84
2021-11-30 18:00:00,127.62,157.12,102.37
2021-12-01 16:56:00,128.2,157.57,101.63
2021-12-02 16:56:00,128.5,158.13,101.83
2021-12-03 16:56:00,129.24,158.98,103.4
2021-12-06 16:56:00,130.8,159.68,103.62
2021-12-07 16:56:00,132.0,160.25,103.53
2021-12-08 16:56:00,130.78,160.07,103.44
2021-12-09 16:56:00,130.2,158.67,104.64
2021-12-10 16:56:00,131.7,157.12,105.33
2021-12-13 18:00:00,133.59,157.32,105.33
2021-12-14 18:00:00,132.98,156.77,105.33
2021-12-15 18:00:00,132.65,156.66,103.54
2021-12-16 18:00:00,132.01,157.52,103.59
2021-12-17 18:00:00,133.43,166.8,105.09
2021-12-20 18:00:00,132.98,163.71,105.46
2021-12-21 18:00:00,133.0,161.05,105.35
2021-12-22 18:00:00,132.9,161.97,105.21
2021-12-23 18:00:00,133.52,163.91,105.78
2021-12-27 18:00:00,134.75,165.77,105.6
2021-12-28 18:00:00,139.35,166.94,105.9
2021-12-29 18:00:00,141.27,167.55,105.73
2021-12-30 18:00:00,141.89,167.49,105.64
2022-01-03 16:56:00,136.9,165.65,105.53
2022-01-04 16:56:00,134.07,165.83,105.23
2022-01-05 16:56:00,134.2,164.69,104.62
2022-01-06 16:56:00,133.91,164.88,104.83
2022-01-07 16:56:00,133.53,164.96,105.3
2022-01-10 16:56:00,134.48,165.34,104.98
2022-01-11 16:56:00,134.42,165.88,105.59
2022-01-12 16:56:00,133.73,165.98,105.73
2022-01-13 16:56:00,133.68,166.35,105.93
2022-01-14 16:56:00,134.64,167.12,106.82
2022-01-17 16:56:00,136.15,168.62,107.63
2022-01-18 16:56:00,136.2,169.84,107.55
2022-01-19 16:56:00,136.52,169.68,107.78
2022-01-20 16:56:00,136.72,170.59,107.31
2022-01-21 16:56:00,136.71,170.48,107.2
2022-01-24 16:56:00,135.01,169.36,107.21
2022-01-25 16:56:00,134.0,169.55,106.75
2022-01-26 16:56:00,132.99,165.02,104.65
2022-01-27 16:56:00,132.88,166.42,104.34
2022-01-28 16:56:00,132.43,167.08,105.28
2022-01-31 16:56:00,133.5,167.48,107.7
2022-02-01 16:56:00,131.22,167.57,107.46
2022-02-02 16:56:00,132.11,167.18,107.13
2022-02-03 16:56:00,132.77,166.06,107.16
2022-02-04 16:56:00,133.94,165.08,105.8
2022-02-07 16:56:00,135.25,164.15,106.63
2022-02-08 16:56:00,135.61,164.29,107.11
2022-02-09 16:56:00,134.5,164.92,107.11
2022-02-10 16:56:00,134.68,165.84,107.33
2022-02-11 16:56:00,134.7,164.97,107.72
2022-02-14 16:56:00,135.2,163.02,104.91
2022-02-15 16:56:00,134.97,164.5,104.55
2022-02-16 16:56:00,134.74,163.11,104.23
2022-02-17 16:56:00,134.1,164.13,104.75
2022-02-18 16:56:00,134.0,165.3,105.91
2022-02-21 16:56:00,132.75,163.89,104.22
2022-02-22 16:56:00,132.27,163.0,104.62
2022-02-23 16:56:00,132.17,162.34,104.0
2022-02-24 16:56:00,130.0,161.06,103.62
2022-02-25 16:56:00,132.85,164.0,104.58
2022-03-02 16:56:00,131.76,163.0,103.84
2022-03-03 16:56:00,131.23,162.72,104.25
2022-03-04 16:56:00,131.97,161.17,103.92
2022-03-07 16:56:00,131.25,159.87,103.87
2022-03-08 16:56:00,130.6,158.36,104.0
2022-03-09 16:56:00,130.3,158.6,104.07
2022-03-10 16:56:00,130.1,158.15,104.2
2022-03-11 16:56:00,130.8,158.6,105.01
2022-03-14 16:56:00,130.5,157.91,104.66
2022-03-15 16:56:00,130.6,158.11,104.22
2022-03-16 16:56:00,130.5,157.82,103.67
2022-03-17 16:56:00,130.0,157.99,103.91
2022-03-18 16:56:00,143.0,158.11,104.95
2022-03-21 16:56:00,135.45,157.91,104.58
2022-03-22 16:56:00,135.96,158.29,104.66
2022-03-23 16:56:00,136.27,158.36,104.76
2022-03-24 16:56:00,136.27,158.89,105.4
2022-03-25 16:56:00,136.46,160.81,105.82
2022-03-28 16:56:00,136.6,160.07,105.45
2022-03-29 16:56:00,137.0,160.36,105.81
2022-03-30 16:56:00,137.29,161.05,106.94
2022-03-31 16:56:00,137.2,160.56,106.97
2022-04-01 16:56:00,137.62,160.18,106.37
2022-04-04 16:56:00,137.89,160.76,105.9
2022-04-05 16:56:00,137.01,161.05,107.87
2022-04-06 16:56:00,135.45,163.51,106.97
2022-04-07 16:56:00,135.5,163.8,107.08
2022-04-08 16:56:00,135.51,163.55,107.33
2022-04-11 16:56:00,134.7,164.08,107.33
2022-04-12 16:56:00,135.33,163.5,107.25
2022-04-13 16:56:00,136.24,161.38,106.97
2022-04-14 16:56:00,137.46,161.93,105.36
2022-04-18 16:56:00,137.2,161.94,105.97
2022-04-19 16:56:00,136.77,160.65,106.15
2022-04-20 16:56:00,136.12,160.8,106.7
2022-04-22 16:56:00,136.49,160.95,106.1
2022-04-25 16:56:00,136.74,160.84,105.38
2022-04-26 16:56:00,136.4,160.85,103.97
2022-04-27 16:56:00,136.85,161.06,104.97
2022-04-28 16:56:00,135.6,161.25,104.66
2022-04-29 16:56:00,136.9,161.96,105.77
2022-05-02 16:56:00,133.7,160.35,103.39
2022-05-03 16:56:00,133.0,160.02,103.58
2022-05-04 16:56:00,133.5,159.92,103.9
2022-05-05 16:56:00,134.04,159.97,104.22
2022-05-06 16:56:00,132.8,159.8,103.98
2022-05-09 16:56:00,132.5,159.71,104.22
2022-05-10 16:56:00,131.84,159.97,104.79
2022-05-11 16:56:00,131.8,160.71,104.67
2022-05-12 16:56:00,130.52,160.18,103.69
2022-05-13 16:56:00,131.35,161.31,103.97
2022-05-16 16:56:00,131.03,161.04,104.37
2022-05-17 16:56:00,131.04,160.85,105.85
2022-05-18 16:56:00,131.21,160.76,105.95
2022-05-19 16:56:00,131.38,160.39,105.45
2022-05-20 16:56:00,130.76,160.76,105.27
2022-05-23 16:56:00,132.0,160.46,105.73
2022-05-24 16:56:00,132.18,160.06,105.52
2022-05-25 16:56:00,132.0,160.07,105.27
2022-05-26 16:56:00,131.7,161.69,104.55
2022-05-27 16:56:00,131.53,163.04,104.79
2022-05-30 16:56:00,132.42,162.29,105.47
2022-05-31 16:56:00,132.6,163.03,105.99
2022-06-01 16:56:00,132.2,160.55,104.52
2022-06-02 16:56:00,132.0,160.04,104.63
2022-06-03 16:56:00,132.44,160.83,103.97
2022-06-06 16:56:00,133.5,160.36,103.87
2022-06-07 16:56:00,132.8,160.41,103.67
2022-06-08 16:56:00,133.2,160.29,103.96
2022-06-09 16:56:00,132.28,159.67,103.82
2022-06-10 16:56:00,132.93,160.96,103.97
2022-06-13 16:56:00,131.75,159.97,104.01
2022-06-14 16:56:00,131.08,161.06,103.87
2022-06-15 16:56:00,131.64,161.33,103.87
2022-06-17 16:56:00,132.0,154.94,104.27
2022-06-20 16:56:00,131.11,159.77,103.96
2022-06-21 16:56:00,131.06,160.72,104.42
2022-06-22 16:56:00,131.12,160.95,103.97
2022-06-23 16:56:00,131.15,160.39,104.37
2022-06-24 16:56:00,131.0,160.53,104.37
2022-06-27 16:56:00,131.12,160.76,104.17
2022-06-28 16:56:00,131.09,160.27,103.97
2022-06-29 16:56:00,131.0,160.95,105.45
2022-06-30 16:56:00,131.48,162.36,105.45
2022-07-01 16:56:00,130.63,158.77,103.91
2022-07-04 16:56:00,130.96,159.37,103.93
2022-07-05 16:56:00,130.15,159.86,103.48
2022-07-06 16:56:00,130.24,159.59,103.72
2022-07-07 16:56:00,130.57,159.87,103.97
2022-07-08 16:56:00,130.3,159.97,104.27
2022-07-11 16:56:00,130.0,160.41,103.92
2022-07-12 16:56:00,129.9,160.66,103.67
2022-07-13 16:56:00,130.38,160.15,102.97
2022-07-14 16:56:00,130.53,161.12,102.96
2022-07-15 16:56:00,132.4,161.49,103.47
2022-07-18 16:56:00,132.75,162.83,102.95
2022-07-19 16:56:00,133.1,163.07,103.15
2022-07-20 16:56:00,133.61,163.28,103.97
2022-07-21 16:56:00,133.16,162.49,102.97
2022-07-22 16:56:00,133.09,163.99,103.41
2022-07-25 16:56:00,134.0,165.13,103.94
2022-07-26 16:56:00,134.38,163.91,103.56
2022-07-27 16:56:00,134.35,165.45,103.54
2022-07-28 16:56:00,136.0,166.27,103.08
2022-07-29 16:56:00,136.6,166.52,103.39
2022-08-01 16:56:00,138.99,164.22,102.77
2022-08-02 16:56:00,138.86,164.28,102.78
2022-08-03 16:56:00,138.5,164.61,102.94
2022-08-04 16:56:00,138.44,165.43,102.9
2022-08-05 16:56:00,139.0,165.98,103.03
2022-08-08 16:56:00,139.27,165.88,102.82
2022-08-09 16:56:00,141.37,166.83,102.67
2022-08-10 16:56:00,143.0,167.57,102.57
2022-08-11 16:56:00,146.89,167.99,103.16
2022-08-12 16:56:00,147.55,169.25,103.17
2022-08-15 16:56:00,149.68,170.6,103.1
2022-08-16 16:56:00,148.48,169.74,103.0
2022-08-17 16:56:00,148.45,169.7,102.87
2022-08-18 16:56:00,148.38,170.14,103.14
2022-08-19 16:56:00,148.35,169.81,102.86
2022-08-22 16:56:00,148.6,168.36,103.9
2022-08-23 16:56:00,148.3,167.02,103.97
2022-08-24 16:56:00,148.49,165.59,103.76
2022-08-25 16:56:00,150.96,164.97,103.8
2022-08-26 16:56:00,152.34,165.59,104.07
2022-08-29 16:56:00,153.18,167.36,103.97
2022-08-30 16:56:00,153.7,168.43,103.97
2022-08-31 16:56:00,153.92,170.32,104.02
2022-09-01 16:56:00,152.59,167.87,103.47
2022-09-02 16:56:00,151.84,167.37,103.47
2022-09-05 16:56:00,152.9,166.88,103.97
2022-09-06 16:56:00,151.6,167.12,104.47
2022-09-08 16:56:00,151.88,166.58,104.09
2022-09-09 16:56:00,152.4,166.39,103.96
2022-09-12 16:56:00,152.01,165.2,103.97
2022-09-13 16:56:00,151.36,165.33,104.4
2022-09-14 16:56:00,150.62,165.09,103.67
2022-09-15 16:56:00,148.91,164.84,104.39
2022-09-16 16:56:00,154.75,171.82,104.3
2022-09-19 16:56:00,153.6,170.35,104.1
2022-09-20 16:56:00,153.99,170.93,104.0
2022-09-21 16:56:00,153.19,169.84,104.6
2022-09-22 16:56:00,152.25,169.86,105.9
2022-09-23 16:56:00,152.34,169.52,104.51
2022-09-26 16:56:00,151.61,168.91,104.99
2022-09-27 16:56:00,151.75,168.75,104.5
2022-09-28 16:56:00,151.38,168.8,104.35
2022-09-29 16:56:00,151.69,169.11,104.25
2022-09-30 16:56:00,152.8,169.35,104.71
2022-10-03 16:56:00,151.05,165.4,104.05
2022-10-04 16:56:00,148.9,164.06,102.44
2022-10-05 16:56:00,149.62,164.93,102.51
2022-10-06 16:56:00,152.55,166.12,102.74
2022-10-07 16:56:00,151.45,166.73,103.67
2022-10-10 16:56:00,152.77,166.88,103.15
2022-10-11 16:56:00,152.34,167.33,104.06
2022-10-13 16:56:00,151.65,165.89,104.7
2022-10-14 16:56:00,152.12,164.61,104.52
2022-10-17 16:56:00,150.69,164.36,104.9
2022-10-18 16:56:00,150.45,165.56,104.99
2022-10-19 16:56:00,151.31,164.4,104.28
2022-10-20 16:56:00,151.2,164.41,104.14
2022-10-21 16:56:00,150.71,163.88,104.0
2022-10-24 16:56:00,149.25,162.15,103.43
2022-10-25 16:56:00,149.34,162.45,103.13
2022-10-26 16:56:00,149.21,162.83,102.67
2022-10-27 16:56:00,148.85,163.42,102.23
2022-10-28 16:56:00,149.22,164.32,103.04
2022-10-31 16:56:00,147.8,163.31,103.5
2022-11-01 16:56:00,145.4,163.89,100.98
2022-11-03 16:56:00,144.8,164.28,102.75
2022-11-04 16:56:00,144.51,167.26,103.29
2022-11-07 16:56:00,143.9,163.59,102.93
2022-11-08 16:56:00,144.17,163.77,102.87
2022-11-09 16:56:00,142.9,163.42,102.35
2022-11-10 16:56:00,140.08,163.92,102.62
2022-11-11 16:56:00,139.68,162.93,103.94
2022-11-14 16:56:00,140.19,163.46,103.5
2022-11-16 16:56:00,139.7,162.81,104.0
2022-11-17 16:56:00,136.6,160.95,102.41
2022-11-18 16:56:00,140.34,161.57,102.74
2022-11-21 16:56:00,139.78,161.26,103.2
2022-11-22 16:56:00,139.46,161.38,101.15
2022-11-23 16:56:00,137.65,160.12,101.97
2022-11-24 16:56:00,135.87,160.34,102.3
2022-11-25 16:56:00,135.94,160.43,102.39
2022-11-28 16:56:00,140.0,160.85,102.05
2022-11-29 16:56:00,141.75,161.45,102.89
2022-11-30 16:56:00,144.37,162.74,102.42
2022-12-01 16:56:00,142.1,160.67,102.66
2022-12-02 16:56:00,144.0,160.76,103.7
2022-12-05 16:56:00,143.5,160.8,102.98
2022-12-06 16:56:00,141.0,160.9,102.1
2022-12-07 16:56:00,140.0,160.14,101.75
2022-12-08 16:56:00,139.52,160.16,101.31
2022-12-09 16:56:00,139.18,160.92,101.61
2022-12-12 16:56:00,138.75,160.06,101.96
2022-12-13 16:56:00,137.81,159.97,100.57
2022-12-14 16:56:00,136.46,159.47,100.24
2022-12-15 16:56:00,136.6,159.64,100.01
2022-12-16 16:56:00,135.76,158.98,100.35
2022-12-19 16:56:00,136.5,157.91,99.81
2022-12-20 16:56:00,137.86,158.7,100.75
2022-12-21 16:56:00,139.75,157.97,102.56
2022-12-22 16:56:00,140.73,157.99,101.85
2022-12-23 16:56:00,140.94,160.95,101.74
2022-12-26 16:56:00,138.6,161.93,102.05
2022-12-27 16:56:00,137.8,162.18,102.5
2022-12-28 16:56:00,140.98,161.25,103.0
2022-12-29 16:56:00,140.2,162.43,102.15
2023-01-02 16:56:00,139.81,159.96,100.27
2023-01-03 16:56:00,139.0,160.37,103.23
2023-01-04 16:56:00,136.65,160.22,103.2
2023-01-05 16:56:00,137.32,160.46,102.07
2023-01-06 16:56:00,137.02,160.06,101.91
2023-01-09 16:56:00,139.55,160.15,101.95
2023-01-10 16:56:00,139.55,160.36,102.1
2023-01-11 16:56:00,139.97,160.16,101.64
2023-01-12 16:56:00,139.4,160.31,102.9
2023-01-13 16:56:00,138.8,160.34,102.0
2023-01-16 16:56:00,138.75,160.29,101.1
2023-01-17 16:56:00,137.98,159.48,101.8
2023-01-18 16:56:00,140.44,159.47,101.8
2023-01-19 16:56:00,139.62,159.24,101.22
2023-01-20 16:56:00,139.28,159.6,101.42
2023-01-23 16:56:00,138.97,159.18,100.85
2023-01-24 16:56:00,139.2,159.2,100.99
2023-01-25 16:56:00,140.0,159.32,100.98
2023-01-26 16:56:00,139.24,159.24,100.85
2023-01-27 16:56:00,139.36,159.47,101.27
2023-01-30 16:56:00,139.0,159.87,101.56
2023-01-31 16:56:00,139.75,160.22,102.4
2023-02-01 16:56:00,136.14,159.56,100.85
2023-02-02 16:56:00,136.86,159.78,101.06
2023-02-03 16:56:00,137.01,159.99,100.2
2023-02-06 16:56:00,136.5,159.77,100.05
2023-02-07 16:56:00,136.12,157.99,99.87
2023-02-08 16:56:00,136.43,158.62,99.4
2023-02-09 16:56:00,135.5,158.47,98.3
2023-02-10 16:56:00,135.3,158.18,98.83
2023-02-13 16:56:00,134.9,157.9,99.82
2023-02-14 16:56:00,134.95,157.98,100.5
2023-02-15 16:56:00,134.9,157.73,100.29
2023-02-16 16:56:00,134.5,157.89,100.69
2023-02-17 16:56:00,137.76,159.62,101.35
2023-02-22 16:56:00,137.55,158.15,101.62
2023-02-23 16:56:00,136.08,158.41,101.2
2023-02-24 16:56:00,136.94,159.26,101.58
2023-02-27 16:56:00,136.0,159.63,102.0
2023-02-28 16:56:00,137.26,159.62,101.72
2023-03-01 16:56:00,136.5,158.54,100.6
2023-03-02 16:56:00,136.4,158.19,101.25
2023-03-03 16:56:00,136.57,158.39,101.5
2023-03-06 16:56:00,135.66,157.95,101.8
2023-03-07 16:56:00,136.0,157.79,101.94
2023-03-08 16:56:00,135.54,158.46,101.61
2023-03-09 16:56:00,135.8,158.21,101.87
2023-03-10 16:56:00,134.62,158.48,101.9
2023-03-13 16:56:00,134.85,157.98,102.0
2023-03-14 16:56:00,137.64,158.17,101.7
2023-03-15 16:56:00,136.85,157.42,100.2
2023-03-16 16:56:00,136.0,157.68,100.97
2023-03-17 16:56:00,135.7,156.65,101.5
2023-03-20 16:56:00,135.17,156.9,100.95
2023-03-21 16:56:00,135.36,157.33,101.4
2023-03-22 16:56:00,134.9,157.74,101.12
2023-03-23 16:56:00,134.66,156.87,102.1
2023-03-24 16:56:00,134.69,157.87,102.47
2023-03-27 16:56:00,135.5,157.6,102.28
2023-03-28 16:56:00,136.1,157.91,102.89
2023-03-29 16:56:00,136.72,157.89,102.89
2023-03-30 16:56:00,137.15,157.99,103.0
2023-03-31 16:56:00,137.88,158.46,102.99
2023-04-03 16:56:00,137.62,157.65,100.86
2023-04-04 16:56:00,137.74,157.4,102.0
2023-04-05 16:56:00,138.0,157.38,101.86
2023-04-06 16:56:00,138.0,157.2,101.33
2023-04-10 16:56:00,138.98,157.24,101.97
2023-04-11 16:56:00,139.5,157.8,101.75
2023-04-12 16:56:00,144.2,158.04,101.65
2023-04-13 16:56:00,143.0,157.68,102.39
2023-04-14 16:56:00,142.05,159.97,102.15
2023-04-17 16:56:00,142.37,160.09,101.6
2023-04-18 16:56:00,142.19,159.98,102.1
2023-04-19 16:56:00,143.39,159.96,101.89
2023-04-20 16:56:00,142.43,160.15,102.13
2023-04-24 16:56:00,141.29,158.78,102.18
2023-04-25 16:56:00,144.0,158.73,102.37
2023-04-26 16:56:00,145.0,159.97,102.14
2023-04-27 16:56:00,143.83,160.46,102.76
2023-04-28 16:56:00,146.0,160.46,103.19
2023-05-02 16:56:00,145.45,160.46,102.9
2023-05-03 16:56:00,147.85,160.46,102.1
2023-05-04 16:56:00,149.87,161.02,102.19
2023-05-05 16:56:00,150.7,161.64,102.82
2023-05-08 16:56:00,150.75,161.45,103.4
2023-05-09 16:56:00,151.9,160.94,102.6
2023-05-10 16:56:00,150.05,160.95,102.81
2023-05-11 16:56:00,151.7,162.73,103.15
2023-05-12 16:56:00,153.6,162.46,103.41
2023-05-15 16:56:00,153.48,161.92,103.41
2023-05-16 16:56:00,153.49,160.85,103.49
2023-05-17 16:56:00,154.14,160.95,103.5
2023-05-18 16:56:00,153.55,160.57,103.5
2023-05-19 16:56:00,153.1,160.16,103.76
2023-05-22 16:56:00,151.5,160.89,103.4
2023-05-23 16:56:00,150.35,159.61,103.39
2023-05-24 16:56:00,150.29,158.81,102.4
2023-05-25 16:56:00,149.0,159.71,102.64
2023-05-26 16:56:00,148.58,159.5,103.2
2023-05-29 16:56:00,148.8,159.34,103.99
2023-05-30 16:56:00,148.98,159.08,104.01
2023-05-31 16:56:00,152.29,159.11,103.7
2023-06-01 16:56:00,151.52,161.0,101.95
2023-06-02 16:56:00,152.59,160.9,102.31
2023-06-05 16:56:00,153.7,158.8,102.04
2023-06-06 16:56:00,152.68,158.23,102.3
2023-06-07 16:56:00,152.65,158.25,102.02
2023-06-09 16:56:00,154.41,159.01,102.67
2023-06-12 16:56:00,154.59,160.0,102.15
2023-06-13 16:56:00,155.9,159.99,103.04
2023-06-14 16:56:00,155.27,160.5,104.07
2023-06-15 16:56:00,155.47,162.0,103.72
2023-06-16 16:56:00,156.39,162.0,103.8
2023-06-19 16:56:00,156.91,164.37,103.5
2023-06-20 16:56:00,156.91,164.73,103.53
2023-06-21 16:56:00,157.47,165.82,103.75
2023-06-22 16:56:00,156.98,165.0,103.77
2023-06-23 16:56:00,157.39,165.48,103.87
2023-06-26 16:56:00,156.97,165.7,104.0
2023-06-27 16:56:00,157.48,166.0,103.86
2023-06-28 16:56:00,159.0,165.9,103.85
2023-06-29 16:56:00,160.8,165.94,103.86
2023-06-30 16:56:00,159.77,167.23,104.0
2023-07-03 16:56:00,156.78,164.5,102.86
2023-07-04 16:56:00,156.94,165.0,103.79
2023-07-05 16:56:00,157.13,165.0,103.8
2023-07-06 16:56:00,157.9,165.41,103.88
2023-07-07 16:56:00,158.59,166.35,103.84
2023-07-10 16:56:00,158.51,167.0,103.8
2023-07-11 16:56:00,159.4,167.84,103.75
2023-07-12 16:56:00,159.47,166.6,103.8
2023-07-13 16:56:00,159.18,167.14,104.07
2023-07-14 16:56:00,159.74,165.0,104.5
2023-07-17 16:56:00,160.0,163.85,104.98
2023-07-18 16:56:00,160.61,162.26,105.45
2023-07-19 16:56:00,160.05,162.38,104.67
2023-07-20 16:56:00,160.33,162.49,105.7
2023-07-21 16:56:00,161.8,163.31,105.7
2023-07-24 16:56:00,162.53,164.4,106.1
2023-07-25 16:56:00,162.09,164.64,105.6
2023-07-26 16:56:00,160.65,163.5,105.36
2023-07-27 16:56:00,160.99,163.65,106.59
2023-07-28 16:56:00,160.94,163.69,106.78
2023-07-31 16:56:00,161.25,163.25,105.51
2023-08-01 16:56:00,161.39,162.96,104.2
2023-08-02 16:56:00,160.4,163.1,104.9
2023-08-03 16:56:00,161.85,163.2,105.84
2023-08-04 16:56:00,162.02,163.56,106.25
2023-08-07 16:56:00,163.3,163.1,106.0
2023-08-08 16:56:00,163.89,162.5,105.9
2023-08-09 16:56:00,161.9,162.2,106.58
2023-08-10 16:56:00,160.79,162.0,107.2
2023-08-11 16:56:00,159.63,162.1,107.66
2023-08-14 16:56:00,159.11,162.0,106.96
2023-08-15 16:56:00,160.0,161.9,107.49
2023-08-16 16:56:00,159.99,162.13,107.0
2023-08-17 16:56:00,159.11,161.33,106.3
2023-08-18 16:56:00,159.5,161.74,106.0
2023-08-21 16:56:00,157.96,160.12,106.4
2023-08-22 16:56:00,156.7,161.24,106.1
2023-08-23 16:56:00,157.49,161.57,106.2
2023-08-24 16:56:00,158.99,161.2,106.42
2023-08-25 16:56:00,158.39,161.54,106.64
2023-08-28 16:56:00,159.0,161.23,107.15
2023-08-29 16:56:00,157.38,161.48,107.79
2023-08-30 16:56:00,158.99,162.09,106.96
2023-08-31 16:56:00,160.15,162.22,107.89
2023-09-01 16:56:00,160.5,160.95,105.77
2023-09-04 16:56:00,159.89,161.26,105.95
2023-09-05 16:56:00,161.46,160.97,106.06
2023-09-06 16:56:00,161.78,160.99,105.97
2023-09-08 16:56:00,162.5,161.27,106.99
2023-09-11 16:56:00,163.27,161.0,106.3
2023-09-12 16:56:00,164.05,161.4,106.3
2023-09-13 16:56:00,162.98,161.0,106.49
2023-09-14 16:56:00,162.29,160.74,106.82
2023-09-15 16:56:00,167.15,162.75,107.7
2023-09-18 16:56:00,165.75,161.69,107.39
2023-09-19 16:56:00,164.2,161.6,107.0
2023-09-20 16:56:00,162.0,161.0,106.9
2023-09-21 16:56:00,163.89,161.78,107.65
2023-09-22 16:56:00,164.05,161.0,107.75
2023-09-25 16:56:00,164.4,161.35,107.65
2023-09-26 16:56:00,162.69,161.0,107.47
2023-09-27 16:56:00,162.62,160.5,107.8
2023-09-28 16:56:00,162.7,160.5,107.61
2023-09-29 16:56:00,164.48,161.48,108.35
2023-10-02 16:56:00,159.7,159.8,105.22
2023-10-03 16:56:00,159.04,159.9,106.5
2023-10-04 16:56:00,158.73,159.9,106.49
2023-10-05 16:56:00,158.48,159.67,105.95
2023-10-06 16:56:00,158.23,159.0,105.96
2023-10-09 16:56:00,157.5,159.0,105.99
2023-10-10 16:56:00,159.5,159.01,105.68
2023-10-11 16:56:00,161.0,159.0,105.46
2023-10-13 16:56:00,163.25,158.85,105.4
2023-10-16 16:56:00,161.43,159.3,105.2
2023-10-17 16:56:00,160.0,159.8,105.37
2023-10-18 16:56:00,158.56,159.27,105.87
2023-10-19 16:56:00,157.5,158.94,105.94
2023-10-20 16:56:00,158.3,158.73,105.45
2023-10-23 16:56:00,158.78,158.3,105.03
2023-10-24 16:56:00,159.33,157.7,104.8
2023-10-25 16:56:00,160.32,157.93,105.15
2023-10-26 16:56:00,158.55,157.5,105.11
2023-10-27 16:56:00,160.24,157.75,105.5
2023-10-30 16:56:00,159.81,157.93,104.87
2023-10-31 16:56:00,159.68,158.0,106.09
2023-11-01 16:56:00,157.63,156.57,101.2
2023-11-03 16:56:00,159.53,157.7,102.3
2023-11-06 16:56:00,160.15,157.64,102.66
2023-11-07 16:56:00,162.1,157.78,102.71
2023-11-08 16:56:00,161.62,157.7,102.94
2023-11-09 16:56:00,161.88,158.0,103.08
2023-11-10 16:56:00,161.06,159.08,103.44
2023-11-13 16:56:00,159.85,159.16,103.1
2023-11-14 16:56:00,161.01,159.49,102.97
2023-11-16 16:56:00,161.72,159.96,103.1
2023-11-17 16:56:00,161.86,160.18,103.7
2023-11-20 16:56:00,161.82,161.85,103.88
2023-11-21 16:56:00,161.82,162.1,104.04
2023-11-22 16:56:00,159.2,162.31,102.4
2023-11-23 16:56:00,158.65,161.97,102.3
2023-11-24 16:56:00,161.0,161.62,102.8
2023-11-27 16:56:00,158.52,160.13,102.1
2023-11-28 16:56:00,158.9,160.1,102.4
2023-11-29 16:56:00,158.91,160.38,102.95
2023-11-30 16:56:00,159.5,161.4,103.88
2023-12-01 16:56:00,158.0,160.0,101.85
2023-12-04 16:56:00,158.18,160.43,101.85
2023-12-05 16:56:00,159.99,160.4,102.05
2023-12-06 16:56:00,159.8,160.5,102.01
2023-12-07 16:56:00,159.9,160.6,102.09
2023-12-08 16:56:00,159.89,161.15,102.3
2023-12-11 16:56:00,158.55,161.15,102.0
2023-12-12 16:56:00,159.7,160.4,102.73
2023-12-13 16:56:00,159.84,160.98,103.2
2023-12-14 16:56:00,160.0,160.7,104.0
2023-12-15 16:56:00,161.0,154.99,103.84
2023-12-18 16:56:00,160.11,158.74,104.0
2023-12-19 16:56:00,160.6,159.87,103.9
2023-12-20 16:56:00,161.05,160.5,104.6
2023-12-21 16:56:00,163.9,160.0,105.2
2023-12-22 16:56:00,162.59,161.0,105.49
2023-12-26 16:56:00,164.7,161.77,105.8
2023-12-27 16:56:00,165.5,162.42,106.5
2023-12-28 16:56:00,165.5,161.99,105.12
2024-01-02 16:56:00,165.15,161.99,104.8
2024-01-03 16:56:00,165.46,161.94,105.73
2024-01-04 16:56:00,164.8,161.97,104.66
2024-01-05 16:56:00,164.44,162.22,104.59
2024-01-08 16:56:00,163.84,162.11,104.59
2024-01-09 16:56:00,163.74,162.05,105.3
2024-01-10 16:56:00,165.8,162.15,105.71
2024-01-11 16:56:00,164.5,161.95,105.72
2024-01-12 16:56:00,164.75,162.41,107.14
2024-01-15 16:56:00,166.65,162.87,107.21
2024-01-16 16:56:00,165.7,163.54,107.1
2024-01-17 16:56:00,165.72,163.55,107.34
2024-01-18 16:56:00,165.12,163.5,107.04
2024-01-19 16:56:00,165.15,163.81,106.97
2024-01-22 16:56:00,164.49,163.52,106.91
2024-01-23 16:56:00,163.67,163.3,107.4
2024-01-24 16:56:00,163.26,163.2,107.0
2024-01-25 16:56:00,164.59,163.44,105.91
2024-01-26 16:56:00,166.35,164.07,106.59
2024-01-29 16:56:00,165.87,164.08,107.27
2024-01-30 16:56:00,164.27,163.7,107.09
2024-01-31 16:56:00,164.0,165.26,105.8
2024-02-01 16:56:00,161.91,163.61,105.24
2024-02-02 16:56:00,161.75,163.32,104.23
2024-02-05 16:56:00,161.8,163.34,103.14
2024-02-06 16:56:00,161.84,164.15,103.18
2024-02-07 16:56:00,162.6,164.9,103.46
2024-02-08 16:56:00,162.7,164.53,104.59
2024-02-09 16:56:00,163.3,164.7,105.95
2024-02-14 16:56:00,163.29,164.75,106.2
2024-02-15 16:56:00,164.21,164.79,106.17
